<?xml version="1.0"?>
<iepd:FoiaAnnualReport xmlns:iepd="http://leisp.usdoj.gov/niem/FoiaAnnualReport/exchange/1.03" xmlns:foia="http://leisp.usdoj.gov/niem/FoiaAnnualReport/extension/1.03" xmlns:i="http://niem.gov/niem/appinfo/2.0" xmlns:j="http://niem.gov/niem/domains/jxdm/4.1" xmlns:nc="http://niem.gov/niem/niem-core/2.0" xmlns:s="http://niem.gov/niem/structures/2.0" xmlns:xsi="http://www.w3.org/2001/XMLSchema-instance" xsi:schemaLocation="http://leisp.usdoj.gov/niem/FoiaAnnualReport/exchange/1.03 ../schema/exchange/FoiaAnnualReport.xsd">
  <nc:DocumentApplicationName nc:applicationVersionText="1.1">FOIA Annual Report Workbook</nc:DocumentApplicationName>
  <nc:DocumentCreationDate>
    <nc:Date>2025-03-10</nc:Date>
  </nc:DocumentCreationDate>
  <nc:DocumentDescriptionText>FOIA Annual Report</nc:DocumentDescriptionText>
<nc:Organization s:id="ORG0"><nc:OrganizationAbbreviationText>PCLOB</nc:OrganizationAbbreviationText><nc:OrganizationName>Privacy and Civil Liberties Oversight Board</nc:OrganizationName></nc:Organization><foia:DocumentFiscalYearDate>2024</foia:DocumentFiscalYearDate><foia:Exemption3StatuteSection><foia:ReliedUponStatute s:id="ES1"><j:StatuteDescriptionText>5 U.S.C. &#xA7; 13109(a)(2) (formerly at 5 U.S.C. app. 4 &#xA7; 107(a)(2)) </j:StatuteDescriptionText><foia:ReliedUponStatuteInformationWithheldText>Confidential financial disclosure report pertaining to certain government employees</foia:ReliedUponStatuteInformationWithheldText><nc:Case><nc:CaseTitleText>Meyerhoff v. EPA, 958 F.2d 1498, 1500-02 (9th Cir. 1992); Boyd v. Exec. Off. for U.S. Att&#x2019;ys, 161 F. Supp. 3d 1, 7 (D.D.C. 2015); Seife v. NIH, 874 F. Supp. 2d 248, 254 (S.D.N.Y. 2012).</nc:CaseTitleText></nc:Case></foia:ReliedUponStatute><foia:ReliedUponStatute s:id="ES2"><j:StatuteDescriptionText>50 U.S.C. &#xA7; 3605 (formerly at 50 U.S.C. &#xA7; 402 note)</j:StatuteDescriptionText><foia:ReliedUponStatuteInformationWithheldText>Information pertaining to the functions or organization of NSA; certain information pertaining to NSA employees</foia:ReliedUponStatuteInformationWithheldText><nc:Case><nc:CaseTitleText>ACLU v. DOJ, 681 F.3d 61, 72-75 (2d Cir. 2012); Elec. Priv. Info. Ctr. v. NSA, 678 F.3d 926, 931 (D.C. Cir. 2012); Houghton v. NSA, 378 F. App&#x2019;x 235, 238-39 (3d Cir. 2010) (per curiam); Lahr v. NTSB, 569 F.3d 964, 985 (9th Cir. 2009). </nc:CaseTitleText></nc:Case></foia:ReliedUponStatute><foia:ReliedUponStatute s:id="ES3"><j:StatuteDescriptionText>50 U.S.C. &#xA7; 3024(i)(1) (formerly at 50 U.S.C. &#xA7; 403-1(i)(1))</j:StatuteDescriptionText><foia:ReliedUponStatuteInformationWithheldText>Intelligence sources and methods</foia:ReliedUponStatuteInformationWithheldText><nc:Case><nc:CaseTitleText>CIA v. Sims, 471 U.S. 159, 167 (1985). </nc:CaseTitleText></nc:Case></foia:ReliedUponStatute><foia:ReliedUponStatute s:id="ES4"><j:StatuteDescriptionText>18 U.S.C. &#xA7; 798</j:StatuteDescriptionText><foia:ReliedUponStatuteInformationWithheldText>Certain classified information pertaining to the communication intelligence and cryptographic devices of the United States or any foreign government</foia:ReliedUponStatuteInformationWithheldText><nc:Case><nc:CaseTitleText>Larson v. Dep't of State, 565 F.3d 857, 868-69 (D.C. Cir. 2009); N.Y. Times Co. v. DOJ, No. 14-03776, 2016 WL 5946711, at *6 (S.D.N.Y. Aug. 18, 2016); Adejumobi v. NSA, No. 07-1237, 2007 WL 4247878, at *3 (M.D. Fla. Dec. 3, 2007), aff&#x2019;d per curiam, 287 F. App&#x2019;x 770 (11th Cir. 2008); Winter v. NSA, 569 F. Supp. &#xD;
545, 546-48 (S.D. Cal. 1983).</nc:CaseTitleText></nc:Case></foia:ReliedUponStatute><foia:ReliedUponStatuteOrganizationAssociation><foia:ComponentDataReference s:ref="ES1"/><nc:OrganizationReference s:ref="ORG0"/><foia:ReliedUponStatuteQuantity>1</foia:ReliedUponStatuteQuantity></foia:ReliedUponStatuteOrganizationAssociation><foia:ReliedUponStatuteOrganizationAssociation><foia:ComponentDataReference s:ref="ES1"/><nc:OrganizationReference s:ref="ORG0"/><foia:ReliedUponStatuteQuantity>1</foia:ReliedUponStatuteQuantity></foia:ReliedUponStatuteOrganizationAssociation><foia:ReliedUponStatuteOrganizationAssociation><foia:ComponentDataReference s:ref="ES2"/><nc:OrganizationReference s:ref="ORG0"/><foia:ReliedUponStatuteQuantity>4</foia:ReliedUponStatuteQuantity></foia:ReliedUponStatuteOrganizationAssociation><foia:ReliedUponStatuteOrganizationAssociation><foia:ComponentDataReference s:ref="ES2"/><nc:OrganizationReference s:ref="ORG0"/><foia:ReliedUponStatuteQuantity>4</foia:ReliedUponStatuteQuantity></foia:ReliedUponStatuteOrganizationAssociation><foia:ReliedUponStatuteOrganizationAssociation><foia:ComponentDataReference s:ref="ES3"/><nc:OrganizationReference s:ref="ORG0"/><foia:ReliedUponStatuteQuantity>4</foia:ReliedUponStatuteQuantity></foia:ReliedUponStatuteOrganizationAssociation><foia:ReliedUponStatuteOrganizationAssociation><foia:ComponentDataReference s:ref="ES3"/><nc:OrganizationReference s:ref="ORG0"/><foia:ReliedUponStatuteQuantity>4</foia:ReliedUponStatuteQuantity></foia:ReliedUponStatuteOrganizationAssociation><foia:ReliedUponStatuteOrganizationAssociation><foia:ComponentDataReference s:ref="ES4"/><nc:OrganizationReference s:ref="ORG0"/><foia:ReliedUponStatuteQuantity>4</foia:ReliedUponStatuteQuantity></foia:ReliedUponStatuteOrganizationAssociation><foia:ReliedUponStatuteOrganizationAssociation><foia:ComponentDataReference s:ref="ES4"/><nc:OrganizationReference s:ref="ORG0"/><foia:ReliedUponStatuteQuantity>4</foia:ReliedUponStatuteQuantity></foia:ReliedUponStatuteOrganizationAssociation></foia:Exemption3StatuteSection><foia:ProcessedRequestSection><foia:ProcessingStatistics s:id="PS1"><foia:ProcessingStatisticsPendingAtStartQuantity>28</foia:ProcessingStatisticsPendingAtStartQuantity><foia:ProcessingStatisticsReceivedQuantity>130</foia:ProcessingStatisticsReceivedQuantity><foia:ProcessingStatisticsProcessedQuantity>69</foia:ProcessingStatisticsProcessedQuantity><foia:ProcessingStatisticsPendingAtEndQuantity>89</foia:ProcessingStatisticsPendingAtEndQuantity></foia:ProcessingStatistics><foia:ProcessingStatisticsOrganizationAssociation><foia:ComponentDataReference s:ref="PS1"/><nc:OrganizationReference s:ref="ORG0"/></foia:ProcessingStatisticsOrganizationAssociation><foia:FootnoteText>After reviewing its database, PCLOB updated the number of requests pending as of the start of the Fiscal Year.</foia:FootnoteText></foia:ProcessedRequestSection><foia:RequestDispositionSection><foia:RequestDisposition s:id="RD1"><foia:RequestDispositionFullGrantQuantity>3</foia:RequestDispositionFullGrantQuantity><foia:RequestDispositionPartialGrantQuantity>10</foia:RequestDispositionPartialGrantQuantity><foia:RequestDispositionFullExemptionDenialQuantity>1</foia:RequestDispositionFullExemptionDenialQuantity><foia:NonExemptionDenial><foia:NonExemptionDenialReasonCode>NoRecords</foia:NonExemptionDenialReasonCode><foia:NonExemptionDenialQuantity>12</foia:NonExemptionDenialQuantity></foia:NonExemptionDenial><foia:NonExemptionDenial><foia:NonExemptionDenialReasonCode>Withdrawn</foia:NonExemptionDenialReasonCode><foia:NonExemptionDenialQuantity>1</foia:NonExemptionDenialQuantity></foia:NonExemptionDenial><foia:NonExemptionDenial><foia:NonExemptionDenialReasonCode>NotDescribed</foia:NonExemptionDenialReasonCode><foia:NonExemptionDenialQuantity>29</foia:NonExemptionDenialQuantity></foia:NonExemptionDenial><foia:NonExemptionDenial><foia:NonExemptionDenialReasonCode>NotAgency</foia:NonExemptionDenialReasonCode><foia:NonExemptionDenialQuantity>13</foia:NonExemptionDenialQuantity></foia:NonExemptionDenial><foia:RequestDispositionTotalQuantity>69</foia:RequestDispositionTotalQuantity></foia:RequestDisposition><foia:RequestDispositionOrganizationAssociation><foia:ComponentDataReference s:ref="RD1"/><nc:OrganizationReference s:ref="ORG0"/></foia:RequestDispositionOrganizationAssociation></foia:RequestDispositionSection><foia:RequestDenialOtherReasonSection><foia:ComponentOtherDenialReason s:id="CODR1"><foia:OtherDenialReason><foia:OtherDenialReasonDescriptionText>N/A</foia:OtherDenialReasonDescriptionText><foia:OtherDenialReasonQuantity>0</foia:OtherDenialReasonQuantity></foia:OtherDenialReason><foia:ComponentOtherDenialReasonQuantity>0</foia:ComponentOtherDenialReasonQuantity></foia:ComponentOtherDenialReason><foia:OtherDenialReasonOrganizationAssociation><foia:ComponentDataReference s:ref="CODR1"/><nc:OrganizationReference s:ref="ORG0"/></foia:OtherDenialReasonOrganizationAssociation></foia:RequestDenialOtherReasonSection><foia:RequestDispositionAppliedExemptionsSection><foia:ComponentAppliedExemptions s:id="RDE1"><foia:AppliedExemption><foia:AppliedExemptionCode>Ex. 1</foia:AppliedExemptionCode><foia:AppliedExemptionQuantity>4</foia:AppliedExemptionQuantity></foia:AppliedExemption><foia:AppliedExemption><foia:AppliedExemptionCode>Ex. 3</foia:AppliedExemptionCode><foia:AppliedExemptionQuantity>5</foia:AppliedExemptionQuantity></foia:AppliedExemption><foia:AppliedExemption><foia:AppliedExemptionCode>Ex. 5</foia:AppliedExemptionCode><foia:AppliedExemptionQuantity>7</foia:AppliedExemptionQuantity></foia:AppliedExemption><foia:AppliedExemption><foia:AppliedExemptionCode>Ex. 6</foia:AppliedExemptionCode><foia:AppliedExemptionQuantity>6</foia:AppliedExemptionQuantity></foia:AppliedExemption></foia:ComponentAppliedExemptions><foia:ComponentAppliedExemptionsOrganizationAssociation><foia:ComponentDataReference s:ref="RDE1"/><nc:OrganizationReference s:ref="ORG0"/></foia:ComponentAppliedExemptionsOrganizationAssociation></foia:RequestDispositionAppliedExemptionsSection><foia:ProcessedAppealSection><foia:ProcessingStatistics s:id="PA1"><foia:ProcessingStatisticsPendingAtStartQuantity>0</foia:ProcessingStatisticsPendingAtStartQuantity><foia:ProcessingStatisticsReceivedQuantity>3</foia:ProcessingStatisticsReceivedQuantity><foia:ProcessingStatisticsProcessedQuantity>3</foia:ProcessingStatisticsProcessedQuantity><foia:ProcessingStatisticsPendingAtEndQuantity>0</foia:ProcessingStatisticsPendingAtEndQuantity></foia:ProcessingStatistics><foia:ProcessingStatisticsOrganizationAssociation><foia:ComponentDataReference s:ref="PA1"/><nc:OrganizationReference s:ref="ORG0"/></foia:ProcessingStatisticsOrganizationAssociation></foia:ProcessedAppealSection><foia:AppealDispositionSection><foia:AppealDisposition s:id="AD1"><foia:AppealDispositionAffirmedQuantity>3</foia:AppealDispositionAffirmedQuantity><foia:AppealDispositionPartialQuantity>0</foia:AppealDispositionPartialQuantity><foia:AppealDispositionReversedQuantity>0</foia:AppealDispositionReversedQuantity><foia:AppealDispositionOtherQuantity>0</foia:AppealDispositionOtherQuantity><foia:AppealDispositionTotalQuantity>3</foia:AppealDispositionTotalQuantity></foia:AppealDisposition><foia:AppealDispositionOrganizationAssociation><foia:ComponentDataReference s:ref="AD1"/><nc:OrganizationReference s:ref="ORG0"/></foia:AppealDispositionOrganizationAssociation></foia:AppealDispositionSection><foia:AppealDispositionAppliedExemptionsSection><foia:ComponentAppliedExemptions s:id="ADE1"/><foia:ComponentAppliedExemptionsOrganizationAssociation><foia:ComponentDataReference s:ref="ADE1"/><nc:OrganizationReference s:ref="ORG0"/></foia:ComponentAppliedExemptionsOrganizationAssociation></foia:AppealDispositionAppliedExemptionsSection><foia:AppealNonExemptionDenialSection><foia:AppealNonExemptionDenial s:id="ANE1"><foia:NonExemptionDenial><foia:NonExemptionDenialReasonCode>NotDescribed</foia:NonExemptionDenialReasonCode><foia:NonExemptionDenialQuantity>3</foia:NonExemptionDenialQuantity></foia:NonExemptionDenial></foia:AppealNonExemptionDenial><foia:AppealNonExemptionDenialOrganizationAssociation><foia:ComponentDataReference s:ref="ANE1"/><nc:OrganizationReference s:ref="ORG0"/></foia:AppealNonExemptionDenialOrganizationAssociation></foia:AppealNonExemptionDenialSection><foia:AppealDenialOtherReasonSection><foia:ComponentOtherDenialReason s:id="ADOR1"><foia:OtherDenialReason><foia:OtherDenialReasonDescriptionText>N/A</foia:OtherDenialReasonDescriptionText><foia:OtherDenialReasonQuantity>0</foia:OtherDenialReasonQuantity></foia:OtherDenialReason><foia:ComponentOtherDenialReasonQuantity>0</foia:ComponentOtherDenialReasonQuantity></foia:ComponentOtherDenialReason><foia:OtherDenialReasonOrganizationAssociation><foia:ComponentDataReference s:ref="ADOR1"/><nc:OrganizationReference s:ref="ORG0"/></foia:OtherDenialReasonOrganizationAssociation></foia:AppealDenialOtherReasonSection><foia:AppealResponseTimeSection><foia:ResponseTime s:id="ART1"><foia:ResponseTimeMedianDaysValue>21</foia:ResponseTimeMedianDaysValue><foia:ResponseTimeAverageDaysValue>17</foia:ResponseTimeAverageDaysValue><foia:ResponseTimeLowestDaysValue>10</foia:ResponseTimeLowestDaysValue><foia:ResponseTimeHighestDaysValue>21</foia:ResponseTimeHighestDaysValue></foia:ResponseTime><foia:ResponseTimeOrganizationAssociation><foia:ComponentDataReference s:ref="ART1"/><nc:OrganizationReference s:ref="ORG0"/></foia:ResponseTimeOrganizationAssociation></foia:AppealResponseTimeSection><foia:OldestPendingAppealSection><foia:OldestPendingItems s:id="OPA1"/><foia:OldestPendingItemsOrganizationAssociation><foia:ComponentDataReference s:ref="OPA1"/><nc:OrganizationReference s:ref="ORG0"/></foia:OldestPendingItemsOrganizationAssociation></foia:OldestPendingAppealSection><foia:ProcessedResponseTimeSection><foia:ProcessedResponseTime s:id="PRT1"><foia:SimpleResponseTime><foia:ResponseTimeMedianDaysValue>17</foia:ResponseTimeMedianDaysValue><foia:ResponseTimeAverageDaysValue>105</foia:ResponseTimeAverageDaysValue><foia:ResponseTimeLowestDaysValue>1</foia:ResponseTimeLowestDaysValue><foia:ResponseTimeHighestDaysValue>1068</foia:ResponseTimeHighestDaysValue></foia:SimpleResponseTime><foia:ComplexResponseTime><foia:ResponseTimeMedianDaysValue>0.0000</foia:ResponseTimeMedianDaysValue><foia:ResponseTimeAverageDaysValue>0.0000</foia:ResponseTimeAverageDaysValue><foia:ResponseTimeLowestDaysValue>0.0000</foia:ResponseTimeLowestDaysValue><foia:ResponseTimeHighestDaysValue>0.0000</foia:ResponseTimeHighestDaysValue></foia:ComplexResponseTime><foia:ExpeditedResponseTime><foia:ResponseTimeMedianDaysValue>0.0000</foia:ResponseTimeMedianDaysValue><foia:ResponseTimeAverageDaysValue>0.0000</foia:ResponseTimeAverageDaysValue><foia:ResponseTimeLowestDaysValue>0.0000</foia:ResponseTimeLowestDaysValue><foia:ResponseTimeHighestDaysValue>0.0000</foia:ResponseTimeHighestDaysValue></foia:ExpeditedResponseTime></foia:ProcessedResponseTime><foia:ProcessedResponseTimeOrganizationAssociation><foia:ComponentDataReference s:ref="PRT1"/><nc:OrganizationReference s:ref="ORG0"/></foia:ProcessedResponseTimeOrganizationAssociation></foia:ProcessedResponseTimeSection><foia:InformationGrantedResponseTimeSection><foia:ProcessedResponseTime s:id="IGR1"><foia:SimpleResponseTime><foia:ResponseTimeMedianDaysValue>162</foia:ResponseTimeMedianDaysValue><foia:ResponseTimeAverageDaysValue>409</foia:ResponseTimeAverageDaysValue><foia:ResponseTimeLowestDaysValue>5</foia:ResponseTimeLowestDaysValue><foia:ResponseTimeHighestDaysValue>1068</foia:ResponseTimeHighestDaysValue></foia:SimpleResponseTime><foia:ComplexResponseTime><foia:ResponseTimeMedianDaysValue>0.0000</foia:ResponseTimeMedianDaysValue><foia:ResponseTimeAverageDaysValue>0.0000</foia:ResponseTimeAverageDaysValue><foia:ResponseTimeLowestDaysValue>0.0000</foia:ResponseTimeLowestDaysValue><foia:ResponseTimeHighestDaysValue>0.0000</foia:ResponseTimeHighestDaysValue></foia:ComplexResponseTime><foia:ExpeditedResponseTime><foia:ResponseTimeMedianDaysValue>0.0000</foia:ResponseTimeMedianDaysValue><foia:ResponseTimeAverageDaysValue>0.0000</foia:ResponseTimeAverageDaysValue><foia:ResponseTimeLowestDaysValue>0.0000</foia:ResponseTimeLowestDaysValue><foia:ResponseTimeHighestDaysValue>0.0000</foia:ResponseTimeHighestDaysValue></foia:ExpeditedResponseTime></foia:ProcessedResponseTime><foia:ProcessedResponseTimeOrganizationAssociation><foia:ComponentDataReference s:ref="IGR1"/><nc:OrganizationReference s:ref="ORG0"/></foia:ProcessedResponseTimeOrganizationAssociation></foia:InformationGrantedResponseTimeSection><foia:SimpleResponseTimeIncrementsSection><foia:ComponentResponseTimeIncrements s:id="SRT1"><foia:TimeIncrement><foia:TimeIncrementCode>1-20</foia:TimeIncrementCode><foia:TimeIncrementProcessedQuantity>16</foia:TimeIncrementProcessedQuantity></foia:TimeIncrement><foia:TimeIncrement><foia:TimeIncrementCode>21-40</foia:TimeIncrementCode><foia:TimeIncrementProcessedQuantity>6</foia:TimeIncrementProcessedQuantity></foia:TimeIncrement><foia:TimeIncrement><foia:TimeIncrementCode>41-60</foia:TimeIncrementCode><foia:TimeIncrementProcessedQuantity>0</foia:TimeIncrementProcessedQuantity></foia:TimeIncrement><foia:TimeIncrement><foia:TimeIncrementCode>61-80</foia:TimeIncrementCode><foia:TimeIncrementProcessedQuantity>0</foia:TimeIncrementProcessedQuantity></foia:TimeIncrement><foia:TimeIncrement><foia:TimeIncrementCode>81-100</foia:TimeIncrementCode><foia:TimeIncrementProcessedQuantity>0</foia:TimeIncrementProcessedQuantity></foia:TimeIncrement><foia:TimeIncrement><foia:TimeIncrementCode>101-120</foia:TimeIncrementCode><foia:TimeIncrementProcessedQuantity>3</foia:TimeIncrementProcessedQuantity></foia:TimeIncrement><foia:TimeIncrement><foia:TimeIncrementCode>121-140</foia:TimeIncrementCode><foia:TimeIncrementProcessedQuantity>3</foia:TimeIncrementProcessedQuantity></foia:TimeIncrement><foia:TimeIncrement><foia:TimeIncrementCode>141-160</foia:TimeIncrementCode><foia:TimeIncrementProcessedQuantity>1</foia:TimeIncrementProcessedQuantity></foia:TimeIncrement><foia:TimeIncrement><foia:TimeIncrementCode>161-180</foia:TimeIncrementCode><foia:TimeIncrementProcessedQuantity>3</foia:TimeIncrementProcessedQuantity></foia:TimeIncrement><foia:TimeIncrement><foia:TimeIncrementCode>181-200</foia:TimeIncrementCode><foia:TimeIncrementProcessedQuantity>1</foia:TimeIncrementProcessedQuantity></foia:TimeIncrement><foia:TimeIncrement><foia:TimeIncrementCode>201-300</foia:TimeIncrementCode><foia:TimeIncrementProcessedQuantity>2</foia:TimeIncrementProcessedQuantity></foia:TimeIncrement><foia:TimeIncrement><foia:TimeIncrementCode>301-400</foia:TimeIncrementCode><foia:TimeIncrementProcessedQuantity>0</foia:TimeIncrementProcessedQuantity></foia:TimeIncrement><foia:TimeIncrement><foia:TimeIncrementCode>401+</foia:TimeIncrementCode><foia:TimeIncrementProcessedQuantity>4</foia:TimeIncrementProcessedQuantity></foia:TimeIncrement><foia:TimeIncrementTotalQuantity>39</foia:TimeIncrementTotalQuantity></foia:ComponentResponseTimeIncrements><foia:ResponseTimeIncrementsOrganizationAssociation><foia:ComponentDataReference s:ref="SRT1"/><nc:OrganizationReference s:ref="ORG0"/></foia:ResponseTimeIncrementsOrganizationAssociation></foia:SimpleResponseTimeIncrementsSection><foia:ComplexResponseTimeIncrementsSection><foia:ComponentResponseTimeIncrements s:id="CRT1"><foia:TimeIncrement><foia:TimeIncrementCode>1-20</foia:TimeIncrementCode><foia:TimeIncrementProcessedQuantity>0</foia:TimeIncrementProcessedQuantity></foia:TimeIncrement><foia:TimeIncrement><foia:TimeIncrementCode>21-40</foia:TimeIncrementCode><foia:TimeIncrementProcessedQuantity>0</foia:TimeIncrementProcessedQuantity></foia:TimeIncrement><foia:TimeIncrement><foia:TimeIncrementCode>41-60</foia:TimeIncrementCode><foia:TimeIncrementProcessedQuantity>0</foia:TimeIncrementProcessedQuantity></foia:TimeIncrement><foia:TimeIncrement><foia:TimeIncrementCode>61-80</foia:TimeIncrementCode><foia:TimeIncrementProcessedQuantity>0</foia:TimeIncrementProcessedQuantity></foia:TimeIncrement><foia:TimeIncrement><foia:TimeIncrementCode>81-100</foia:TimeIncrementCode><foia:TimeIncrementProcessedQuantity>0</foia:TimeIncrementProcessedQuantity></foia:TimeIncrement><foia:TimeIncrement><foia:TimeIncrementCode>101-120</foia:TimeIncrementCode><foia:TimeIncrementProcessedQuantity>0</foia:TimeIncrementProcessedQuantity></foia:TimeIncrement><foia:TimeIncrement><foia:TimeIncrementCode>121-140</foia:TimeIncrementCode><foia:TimeIncrementProcessedQuantity>0</foia:TimeIncrementProcessedQuantity></foia:TimeIncrement><foia:TimeIncrement><foia:TimeIncrementCode>141-160</foia:TimeIncrementCode><foia:TimeIncrementProcessedQuantity>0</foia:TimeIncrementProcessedQuantity></foia:TimeIncrement><foia:TimeIncrement><foia:TimeIncrementCode>161-180</foia:TimeIncrementCode><foia:TimeIncrementProcessedQuantity>0</foia:TimeIncrementProcessedQuantity></foia:TimeIncrement><foia:TimeIncrement><foia:TimeIncrementCode>181-200</foia:TimeIncrementCode><foia:TimeIncrementProcessedQuantity>0</foia:TimeIncrementProcessedQuantity></foia:TimeIncrement><foia:TimeIncrement><foia:TimeIncrementCode>201-300</foia:TimeIncrementCode><foia:TimeIncrementProcessedQuantity>0</foia:TimeIncrementProcessedQuantity></foia:TimeIncrement><foia:TimeIncrement><foia:TimeIncrementCode>301-400</foia:TimeIncrementCode><foia:TimeIncrementProcessedQuantity>0</foia:TimeIncrementProcessedQuantity></foia:TimeIncrement><foia:TimeIncrement><foia:TimeIncrementCode>401+</foia:TimeIncrementCode><foia:TimeIncrementProcessedQuantity>0</foia:TimeIncrementProcessedQuantity></foia:TimeIncrement><foia:TimeIncrementTotalQuantity>0</foia:TimeIncrementTotalQuantity></foia:ComponentResponseTimeIncrements><foia:ResponseTimeIncrementsOrganizationAssociation><foia:ComponentDataReference s:ref="CRT1"/><nc:OrganizationReference s:ref="ORG0"/></foia:ResponseTimeIncrementsOrganizationAssociation></foia:ComplexResponseTimeIncrementsSection><foia:ExpeditedResponseTimeIncrementsSection><foia:ComponentResponseTimeIncrements s:id="ERT1"><foia:TimeIncrement><foia:TimeIncrementCode>1-20</foia:TimeIncrementCode><foia:TimeIncrementProcessedQuantity>0</foia:TimeIncrementProcessedQuantity></foia:TimeIncrement><foia:TimeIncrement><foia:TimeIncrementCode>21-40</foia:TimeIncrementCode><foia:TimeIncrementProcessedQuantity>0</foia:TimeIncrementProcessedQuantity></foia:TimeIncrement><foia:TimeIncrement><foia:TimeIncrementCode>41-60</foia:TimeIncrementCode><foia:TimeIncrementProcessedQuantity>0</foia:TimeIncrementProcessedQuantity></foia:TimeIncrement><foia:TimeIncrement><foia:TimeIncrementCode>61-80</foia:TimeIncrementCode><foia:TimeIncrementProcessedQuantity>0</foia:TimeIncrementProcessedQuantity></foia:TimeIncrement><foia:TimeIncrement><foia:TimeIncrementCode>81-100</foia:TimeIncrementCode><foia:TimeIncrementProcessedQuantity>0</foia:TimeIncrementProcessedQuantity></foia:TimeIncrement><foia:TimeIncrement><foia:TimeIncrementCode>101-120</foia:TimeIncrementCode><foia:TimeIncrementProcessedQuantity>0</foia:TimeIncrementProcessedQuantity></foia:TimeIncrement><foia:TimeIncrement><foia:TimeIncrementCode>121-140</foia:TimeIncrementCode><foia:TimeIncrementProcessedQuantity>0</foia:TimeIncrementProcessedQuantity></foia:TimeIncrement><foia:TimeIncrement><foia:TimeIncrementCode>141-160</foia:TimeIncrementCode><foia:TimeIncrementProcessedQuantity>0</foia:TimeIncrementProcessedQuantity></foia:TimeIncrement><foia:TimeIncrement><foia:TimeIncrementCode>161-180</foia:TimeIncrementCode><foia:TimeIncrementProcessedQuantity>0</foia:TimeIncrementProcessedQuantity></foia:TimeIncrement><foia:TimeIncrement><foia:TimeIncrementCode>181-200</foia:TimeIncrementCode><foia:TimeIncrementProcessedQuantity>0</foia:TimeIncrementProcessedQuantity></foia:TimeIncrement><foia:TimeIncrement><foia:TimeIncrementCode>201-300</foia:TimeIncrementCode><foia:TimeIncrementProcessedQuantity>0</foia:TimeIncrementProcessedQuantity></foia:TimeIncrement><foia:TimeIncrement><foia:TimeIncrementCode>301-400</foia:TimeIncrementCode><foia:TimeIncrementProcessedQuantity>0</foia:TimeIncrementProcessedQuantity></foia:TimeIncrement><foia:TimeIncrement><foia:TimeIncrementCode>401+</foia:TimeIncrementCode><foia:TimeIncrementProcessedQuantity>0</foia:TimeIncrementProcessedQuantity></foia:TimeIncrement><foia:TimeIncrementTotalQuantity>0</foia:TimeIncrementTotalQuantity></foia:ComponentResponseTimeIncrements><foia:ResponseTimeIncrementsOrganizationAssociation><foia:ComponentDataReference s:ref="ERT1"/><nc:OrganizationReference s:ref="ORG0"/></foia:ResponseTimeIncrementsOrganizationAssociation></foia:ExpeditedResponseTimeIncrementsSection><foia:PendingPerfectedRequestsSection><foia:PendingPerfectedRequests s:id="PPR1"><foia:SimplePendingRequestStatistics><foia:PendingRequestQuantity>89</foia:PendingRequestQuantity><foia:PendingRequestMedianDaysValue>87</foia:PendingRequestMedianDaysValue><foia:PendingRequestAverageDaysValue>196</foia:PendingRequestAverageDaysValue></foia:SimplePendingRequestStatistics><foia:ComplexPendingRequestStatistics><foia:PendingRequestQuantity>0</foia:PendingRequestQuantity></foia:ComplexPendingRequestStatistics><foia:ExpeditedPendingRequestStatistics><foia:PendingRequestQuantity>0</foia:PendingRequestQuantity></foia:ExpeditedPendingRequestStatistics></foia:PendingPerfectedRequests><foia:PendingPerfectedRequestsOrganizationAssociation><foia:ComponentDataReference s:ref="PPR1"/><nc:OrganizationReference s:ref="ORG0"/></foia:PendingPerfectedRequestsOrganizationAssociation></foia:PendingPerfectedRequestsSection><foia:OldestPendingRequestSection><foia:OldestPendingItems s:id="OPR1"><foia:OldItem><foia:OldItemReceiptDate>2017-07-27</foia:OldItemReceiptDate><foia:OldItemPendingDaysQuantity>1863</foia:OldItemPendingDaysQuantity></foia:OldItem><foia:OldItem><foia:OldItemReceiptDate>2017-08-16</foia:OldItemReceiptDate><foia:OldItemPendingDaysQuantity>1849</foia:OldItemPendingDaysQuantity></foia:OldItem><foia:OldItem><foia:OldItemReceiptDate>2017-10-04</foia:OldItemReceiptDate><foia:OldItemPendingDaysQuantity>1814</foia:OldItemPendingDaysQuantity></foia:OldItem><foia:OldItem><foia:OldItemReceiptDate>2018-11-16</foia:OldItemReceiptDate><foia:OldItemPendingDaysQuantity>1522</foia:OldItemPendingDaysQuantity></foia:OldItem><foia:OldItem><foia:OldItemReceiptDate>2020-07-12</foia:OldItemReceiptDate><foia:OldItemPendingDaysQuantity>1091</foia:OldItemPendingDaysQuantity></foia:OldItem><foia:OldItem><foia:OldItemReceiptDate>2023-03-08</foia:OldItemReceiptDate><foia:OldItemPendingDaysQuantity>399</foia:OldItemPendingDaysQuantity></foia:OldItem><foia:OldItem><foia:OldItemReceiptDate>2023-09-14</foia:OldItemReceiptDate><foia:OldItemPendingDaysQuantity>263</foia:OldItemPendingDaysQuantity></foia:OldItem><foia:OldItem><foia:OldItemReceiptDate>2023-09-14</foia:OldItemReceiptDate><foia:OldItemPendingDaysQuantity>263</foia:OldItemPendingDaysQuantity></foia:OldItem><foia:OldItem><foia:OldItemReceiptDate>2023-09-15</foia:OldItemReceiptDate><foia:OldItemPendingDaysQuantity>262</foia:OldItemPendingDaysQuantity></foia:OldItem><foia:OldItem><foia:OldItemReceiptDate>2023-09-15</foia:OldItemReceiptDate><foia:OldItemPendingDaysQuantity>262</foia:OldItemPendingDaysQuantity></foia:OldItem></foia:OldestPendingItems><foia:OldestPendingItemsOrganizationAssociation><foia:ComponentDataReference s:ref="OPR1"/><nc:OrganizationReference s:ref="ORG0"/></foia:OldestPendingItemsOrganizationAssociation></foia:OldestPendingRequestSection><foia:ExpeditedProcessingSection><foia:ExpeditedProcessing s:id="EP1"><foia:RequestGrantedQuantity>1</foia:RequestGrantedQuantity><foia:RequestDeniedQuantity>4</foia:RequestDeniedQuantity><foia:AdjudicationMedianDaysValue>15</foia:AdjudicationMedianDaysValue><foia:AdjudicationAverageDaysValue>12</foia:AdjudicationAverageDaysValue><foia:AdjudicationWithinTenDaysQuantity>1</foia:AdjudicationWithinTenDaysQuantity></foia:ExpeditedProcessing><foia:ExpeditedProcessingOrganizationAssociation><foia:ComponentDataReference s:ref="EP1"/><nc:OrganizationReference s:ref="ORG0"/></foia:ExpeditedProcessingOrganizationAssociation></foia:ExpeditedProcessingSection><foia:FeeWaiverSection><foia:FeeWaiver s:id="FW1"><foia:RequestGrantedQuantity>73</foia:RequestGrantedQuantity><foia:RequestDeniedQuantity>0</foia:RequestDeniedQuantity><foia:AdjudicationMedianDaysValue>19</foia:AdjudicationMedianDaysValue><foia:AdjudicationAverageDaysValue>16</foia:AdjudicationAverageDaysValue></foia:FeeWaiver><foia:FeeWaiverOrganizationAssociation><foia:ComponentDataReference s:ref="FW1"/><nc:OrganizationReference s:ref="ORG0"/></foia:FeeWaiverOrganizationAssociation></foia:FeeWaiverSection><foia:PersonnelAndCostSection><foia:PersonnelAndCost s:id="PC1"><foia:FullTimeEmployeeQuantity>0</foia:FullTimeEmployeeQuantity><foia:EquivalentFullTimeEmployeeQuantity>0.50</foia:EquivalentFullTimeEmployeeQuantity><foia:TotalFullTimeStaffQuantity>0.50</foia:TotalFullTimeStaffQuantity><foia:ProcessingCostAmount>86050.00</foia:ProcessingCostAmount><foia:LitigationCostAmount>0.00</foia:LitigationCostAmount><foia:TotalCostAmount>86050.00</foia:TotalCostAmount></foia:PersonnelAndCost><foia:PersonnelAndCostOrganizationAssociation><foia:ComponentDataReference s:ref="PC1"/><nc:OrganizationReference s:ref="ORG0"/></foia:PersonnelAndCostOrganizationAssociation></foia:PersonnelAndCostSection><foia:FeesCollectedSection><foia:FeesCollected s:id="FC1"><foia:FeesCollectedAmount>0.00</foia:FeesCollectedAmount><foia:FeesCollectedCostPercent>0.0000</foia:FeesCollectedCostPercent></foia:FeesCollected><foia:FeesCollectedOrganizationAssociation><foia:ComponentDataReference s:ref="FC1"/><nc:OrganizationReference s:ref="ORG0"/></foia:FeesCollectedOrganizationAssociation></foia:FeesCollectedSection><foia:SubsectionUsedSection><foia:SubsectionUsed s:id="SU1"><foia:TimesUsedQuantity>0</foia:TimesUsedQuantity></foia:SubsectionUsed><foia:SubsectionUsedOrganizationAssociation><foia:ComponentDataReference s:ref="SU1"/><nc:OrganizationReference s:ref="ORG0"/></foia:SubsectionUsedOrganizationAssociation></foia:SubsectionUsedSection><foia:SubsectionPostSection><foia:Subsection s:id="SP1"><foia:PostedbyFOIAQuantity>0</foia:PostedbyFOIAQuantity><foia:PostedbyProgramQuantity>4</foia:PostedbyProgramQuantity></foia:Subsection><foia:SubsectionPostOrganizationAssociation><foia:ComponentDataReference s:ref="SP1"/><nc:OrganizationReference s:ref="ORG0"/></foia:SubsectionPostOrganizationAssociation></foia:SubsectionPostSection><foia:BacklogSection><foia:Backlog s:id="BK1"><foia:BackloggedRequestQuantity>89</foia:BackloggedRequestQuantity><foia:BackloggedAppealQuantity>0</foia:BackloggedAppealQuantity></foia:Backlog><foia:BacklogOrganizationAssociation><foia:ComponentDataReference s:ref="BK1"/><nc:OrganizationReference s:ref="ORG0"/></foia:BacklogOrganizationAssociation></foia:BacklogSection><foia:ProcessedConsultationSection><foia:ProcessingStatistics s:id="PCN1"><foia:ProcessingStatisticsPendingAtStartQuantity>0</foia:ProcessingStatisticsPendingAtStartQuantity><foia:ProcessingStatisticsReceivedQuantity>6</foia:ProcessingStatisticsReceivedQuantity><foia:ProcessingStatisticsProcessedQuantity>6</foia:ProcessingStatisticsProcessedQuantity><foia:ProcessingStatisticsPendingAtEndQuantity>0</foia:ProcessingStatisticsPendingAtEndQuantity></foia:ProcessingStatistics><foia:ProcessingStatisticsOrganizationAssociation><foia:ComponentDataReference s:ref="PCN1"/><nc:OrganizationReference s:ref="ORG0"/></foia:ProcessingStatisticsOrganizationAssociation></foia:ProcessedConsultationSection><foia:OldestPendingConsultationSection><foia:OldestPendingItems s:id="OPC1"/><foia:OldestPendingItemsOrganizationAssociation><foia:ComponentDataReference s:ref="OPC1"/><nc:OrganizationReference s:ref="ORG0"/></foia:OldestPendingItemsOrganizationAssociation></foia:OldestPendingConsultationSection><foia:ProcessedRequestComparisonSection><foia:ProcessingComparison s:id="RPC1"><foia:ItemsReceivedLastYearQuantity>50</foia:ItemsReceivedLastYearQuantity><foia:ItemsReceivedCurrentYearQuantity>130</foia:ItemsReceivedCurrentYearQuantity><foia:ItemsProcessedLastYearQuantity>39</foia:ItemsProcessedLastYearQuantity><foia:ItemsProcessedCurrentYearQuantity>69</foia:ItemsProcessedCurrentYearQuantity></foia:ProcessingComparison><foia:ProcessingComparisonOrganizationAssociation><foia:ComponentDataReference s:ref="RPC1"/><nc:OrganizationReference s:ref="ORG0"/></foia:ProcessingComparisonOrganizationAssociation></foia:ProcessedRequestComparisonSection><foia:BackloggedRequestComparisonSection><foia:BacklogComparison s:id="RBC1"><foia:BacklogLastYearQuantity>9</foia:BacklogLastYearQuantity><foia:BacklogCurrentYearQuantity>89</foia:BacklogCurrentYearQuantity></foia:BacklogComparison><foia:BacklogComparisonOrganizationAssociation><foia:ComponentDataReference s:ref="RBC1"/><nc:OrganizationReference s:ref="ORG0"/></foia:BacklogComparisonOrganizationAssociation></foia:BackloggedRequestComparisonSection><foia:ProcessedAppealComparisonSection><foia:ProcessingComparison s:id="APC1"><foia:ItemsReceivedLastYearQuantity>0</foia:ItemsReceivedLastYearQuantity><foia:ItemsReceivedCurrentYearQuantity>3</foia:ItemsReceivedCurrentYearQuantity><foia:ItemsProcessedLastYearQuantity>0</foia:ItemsProcessedLastYearQuantity><foia:ItemsProcessedCurrentYearQuantity>3</foia:ItemsProcessedCurrentYearQuantity></foia:ProcessingComparison><foia:ProcessingComparisonOrganizationAssociation><foia:ComponentDataReference s:ref="APC1"/><nc:OrganizationReference s:ref="ORG0"/></foia:ProcessingComparisonOrganizationAssociation></foia:ProcessedAppealComparisonSection><foia:BackloggedAppealComparisonSection><foia:BacklogComparison s:id="ABC1"><foia:BacklogLastYearQuantity>0</foia:BacklogLastYearQuantity><foia:BacklogCurrentYearQuantity>0</foia:BacklogCurrentYearQuantity></foia:BacklogComparison><foia:BacklogComparisonOrganizationAssociation><foia:ComponentDataReference s:ref="ABC1"/><nc:OrganizationReference s:ref="ORG0"/></foia:BacklogComparisonOrganizationAssociation></foia:BackloggedAppealComparisonSection></iepd:FoiaAnnualReport>
