"Agency","Component","Fiscal Year","Simple - Median Number of Days","Simple - Average Number of Days","Simple - Lowest Number of Days","Simple - Highest Number of Days","Complex - Median Number of Days","Complex - Average Number of Days","Complex - Lowest Number of Days","Complex - Highest Number of Days","Expedited Processing - Median Number of Days","Expedited Processing - Average Number of Days","Expedited Processing - Lowest Number of Days","Expedited Processing - Highest Number of Days"
"Corporation for National and Community Service (operating as AmeriCorps)","Agency Overall","2024","6","28","<1","316","48","78","<1","354","N/A","N/A","N/A","N/A"
"Department of Justice","Agency Overall","2024","13","72.24","<1","2006","111","336.72","<1","2734","51.5","238.46","<1","2646"
"American Battle Monuments Commission","Agency Overall","2024","15","14","5","23","37","43","26","66","N/A","N/A","N/A","N/A"
"Federal Energy Regulatory Commission","Agency Overall","2024","25","60.1","1","508","354","459.3","18","1227","N/A","N/A","N/A","N/A"
"Office of Special Counsel","Agency Overall","2024","23","32.52","<1","193","47","93.25","<1","297","4","37.2","1","108"
"Commission of Fine Arts","Agency Overall","2024","15","8","1","26","N/A","N/A","N/A","N/A","N/A","N/A","N/A","N/A"
"United States Copyright Office","Agency Overall","2024","19","25","11","143","62","95","1","454","N/A","N/A","N/A","N/A"
"Office of Science and Technology Policy","Agency Overall","2024","19","11.4","1","26","29","102.6","21","1697","531","531","531","531"
"Federal Open Market Committee","Agency Overall","2024","8","11.3","<1","20","170","130.4","22","257","N/A","N/A","N/A","N/A"
"U.S. Commission for the Preservation of America’s Heritage Abroad","Agency Overall","2024","84","90","1","278","N/A","N/A","N/A","N/A","N/A","N/A","N/A","N/A"
"U.S. Commission on Civil Rights","Agency Overall","2024","9","51","1","199","63","63","6","173","N/A","N/A","N/A","N/A"
"Council of the Inspectors General on Integrity and Efficiency","Agency Overall","2024","3","6.75","1","162","102","103.67","4","199","N/A","N/A","0","0"
"Office of the National Cyber Director","Agency Overall","2024","31","31","31","31","80","161","63","260","N/A","N/A","N/A","N/A"
"Department of Health and Human Services","Agency Overall","2024","10.00","24.54","<1","1433","21.35","88.46","<1","2558","109.17","293.00","<1","1621"
"Morris K. Udall and Stewart L. Udall Foundation","Agency Overall","2024","6","9","<1","122","0","0","N/A","N/A","0","0","N/A","N/A"
"Surface Transportation Board","Agency Overall","2024","8","9.82","1","35","N/A","N/A","N/A","N/A","N/A","N/A","N/A","N/A"
"Department of Energy","Agency Overall","2024","10.00","30.72","0","1864","64.00","196.14","0","2475","36.00","106.44","0","577"
"Consumer Financial Protection Bureau","Agency Overall","2024","1","8.33","1","158","34.5","69.87","1","669","N/A","N/A","N/A","N/A"
"Federal Labor Relations Authority","Agency Overall","2024","366.5","366.5","1","778","N/A","N/A","N/A","N/A","N/A","N/A","N/A","N/A"
"U.S. Election Assistance Commission","Agency Overall","2024","17","266","1","1063","1002","754","13","1408","959","950","941","965"
"Federal Communications Commission","Agency Overall","2024","13","23.60","1","271","28","60.74","2","1355","37.50","84.64","1","414"
"Federal Deposit Insurance Corporation","Agency Overall","2024","19.00","23.90","2","108","64.00","83.22","2","423","86.00","102.40","25","391"
"Office of Navajo and Hopi Indian Relocation","Agency Overall","2024","2","4.2","<1","30","N/A","N.A","N/A","N/A","N/A","N/A","N/A","N/A"
"National Credit Union Administration","Agency Overall","2024","7","10.06","<1","43","30","30.28","4","120","3.5","3.75","2","6"
"National Science Foundation","Agency Overall","2024","112.75","414.81","<1","2408","871.5","1154.5","<1","2679","380","425.66","69","828"
"Millennium Challenge Corporation","Agency Overall","2024","40.5","52.39","2","300","N/A","N/A","N/A","N/A","N/A","N/A","N/A","N/A"
"Office of National Drug Control Policy","Agency Overall","2024","13","12","2","20","44","58","23","154","N/A","N/A","N/A","N/A"
"U.S. Interagency Council on Homelessness","Agency Overall","2024","93","99","12","253","N/A","N/A","N/A","N/A","N/A","N/A","N/A","N/A"
"Office of Pandemic Preparedness and Response Policy","Agency Overall","2024","N/A","N/A","N/A","N/A","N/A","N/A","N/A","N/A","N/A","N/A","N/A","N/A"
"United States Trade and Development Agency","Agency Overall","2024","26.5","83.2","1","1789","N/A","N/A","N/A","N/A","N/A","N/A","N/A","N/A"
"Selective Service System","Agency Overall","2024","5","8","1","42","103","94","55","114","N/A","N/A","N/A","N/A"
"Court Services and Offender Supervision Agency","Agency Overall","2024","1","2","1","20","18","16","1","20","N/A","N/A","N/A","N/A"
"Nuclear Regulatory Commission","Agency Overall","2024","8","20.42","<1","328","16","118.17","<1","1780","N/A","N/A","N/A","N/A"
"Federal Reserve System","Agency Overall","2024","2","5","0","20","50","80","4","557","106","140","1","374"
"National Labor Relations Board","Agency Overall","2024","8","14.98","<1","263","N/A","N/A","N/A","N/A","4","5.99","<1","62"
"U.S. Agency for International Development","Agency Overall","2024","34","34","9","59","1","111.09","<1","1355","140","14","140","140"
"Department of Transportation","Agency Overall","2024","25","76.14","<1","1412","87","268.57","<1","2387","60.5","324.11","1","1924"
"Social Security Advisory Board","Agency Overall","2024","10","12","1","53","N/A","N/A","N/A","N/A","N/A","N/A","N/A","N/A"
"Institute of Museum and Library Services","Agency Overall","2024","3","4.96","1","19","N/A","N/A","N/A","N/A","N/A","N/A","N/A","N/A"
"Federal Maritime Commission","Agency Overall","2024","41","52","3","354","440","440","413","468","N/A","N/A","N/A","N/A"
"Harry S. Truman Scholarship Foundation","Agency Overall","2024","6","8","3","14","N/A","N/A","N/A","N/A","N/A","N/A","N/A","N/A"
"Neighborhood Reinvestment Corporation","Agency Overall","2024","45","47","1","128","N/A","N/A","N/A","N/A","N/A","N/A","N/A","N/A"
"Department of Defense","Agency Overall","2024","6","30.31","1","2444","31","199.75","1","4495","17","79.81","1","1827"
"Federal Mediation and Conciliation Service","Agency Overall","2024","10","11.71","<1","52","30","30","30","30","N/A","N/A","N/A","N/A"
"Advisory Council on Historic Preservation","Agency Overall","2024","65","75","7","270","N/A","N/A","N/A","N/A","N/A","N/A","N/A","N/A"
"Federal Financial Institutions Examination Council","Agency Overall","2024","26","25","6","57","N/A","N/A","N/A","N/A","N/A","N/A","N/A","N/A"
"Securities and Exchange Commission","Agency Overall","2024","4","5.86","<1","20","32","71.27","<1","1059","445","445","445","445"
"Office of the Intellectual Property Enforcement Coordinator","Agency Overall","2024","3","4","1","18","N/A","N/A","N/A","N/A","N/A","N/A","N/A","N/A"
"Equal Employment Opportunity Commission","Agency Overall","2024","8","11.07","<1","736","21.5","52.26","<1","1727","N/A","N/A","N/A","N/A"
"Administrative Conference of the United States","Agency Overall","2024","1","1.13","<1","4","N/A","N/A","N/A","N/A","N/A","N/A","N/A","N/A"
"Appraisal Subcommittee","Agency Overall","2024","11","12","2","61","79","79","79","79","N/A","N/A","N/A","N/A"
"Office of the Director of National Intelligence","Agency Overall","2024","15.5","79.19","<1","2649","43","265.88","1","2430","<1",".86","<1","222"
"Federal Trade Commission","Agency Overall","2024","3","6.88","<1","159","16","31.49","<1","419","6","7.09","<1","36"
"Department of Commerce","Agency Overall","2024","7","33.7","<1","1034","68","229.4","<1","1787","158.5","386.3","3","1751"
"Department of Housing and Urban Development","Agency Overall","2024","6.00","7.31","<1","36","6.00","62.60","<1","1986","14.00","26.64","0","144"
"Gulf Coast Ecosystem Restoration Council","Agency Overall","2024","1","1","1","1","N/A","N/A","N/A","N/A","N/A","N/A","N/A","N/A"
"Pension Benefit Guaranty Corporation","Agency Overall","2024","10","10.28","1","29","12","12.56","1","67","N/A","N/A","N/A","N/A"
"United States Access Board","Agency Overall","2024","15","26","<1","143","N/A","N/A","N/A","N/A","N/A","N/A","N/A","N/A"
"Department of the Treasury","Agency Overall","2024","2","11.07","<1","807","2","258.16","<1","2519","1191.5","843.4","2","1666"
"Department of Homeland Security","Agency Overall","2024","3","5","<1","34","28","57","<1","2086","35","105","<1","1252"
"Committee for Purchase from People Who Are Blind or Severely Disabled","Agency Overall","2024","88","88","6","167","76","80","5","285","N/A","N/A","N/A","N/A"
"United States International Trade Commission","Agency Overall","2024","18","16","2","20","22","52","21","471","N/A","N/A","N/A","N/A"
"Environmental Protection Agency","Agency Overall","2024","10","27.6","<1","1760","59","160.83","<1","1855","45","95.71","1","469"
"Marine Mammal Commission","Agency Overall","2024","22","28","5","245","N/A","N/A","N/A","N/A","N/A","N/A","N/A","N/A"
"Department of Labor","Agency Overall","2024","7.00","18.14","<1","1057","11.00","52.83","<1","1794","11.00","36.32","<1","582"
"U.S. Nuclear Waste Technical Review Board","Agency Overall","2024","19","19","19","19","N/A","N/A","N/A","N/A","N/A","N/A","N/A","N/A"
"United States Postal Service","Agency Overall","2024","3","13.04","<1","748","46","154.27","<1","873","30","166","6","598"
"Occupational Safety and Health Review Commission","Agency Overall","2024","1","4","1","20","26","30","5","64","N/A","N/A","N/A","N/A"
"Tennessee Valley Authority","Agency Overall","2024","18","15.42","<1","29","81","133.52","26","574","N/A","N/A","N/A","N/A"
"Farm Credit Administration","Agency Overall","2024","16","17","2","40","N/A","N/A","N/A","N/A","N/A","N/A","N/A","N/A"
"National Railroad Passenger Corporation","Agency Overall","2024","7.05","52.02","<1","727","589","400","<1","1399","1","65","<1","775"
"Office of Personnel Management","Agency Overall","2024","10","42.64","<1","839","88","194.15","<1","1121","N/A","N/A","N/A","N/A"
"National Endowment for the Humanities","Agency Overall","2024","9.5","9.75","<1","20","77","98.91","21","273","N/A","N/A","N/A","N/A"
"Legal Services Corporation","Agency Overall","2024","78","78.43","4","222","N/A","N/A","N/A","N/A","N/A","N/A","N/A","N/A"
"Inter-American Foundation","Agency Overall","2024","69","20","2","85","162","162","160","164","N/A","N/A","N/A","N/A"
"Federal Election Commission","Agency Overall","2024","N/A","N/A","N/A","N/A","11","12","1","72","N/A","N/A","N/A","N/A"
"Denali Commission","Agency Overall","2024","3","3","1","10","N/A","N/A","N/A","N/A","N/A","N/A","N/A","N/A"
"James Madison Memorial Fellowship Foundation","Agency Overall","2024","58","89","<1","238","N/A","N/A","N/A","N/A","N/A","N/A","N/A","N/A"
"Consumer Product Safety Commission","Agency Overall","2024","8","40.48","<1","1413","47","109.36","<1","1617","N/A","N/A","N/A","N/A"
"Presidio Trust","Agency Overall","2024","45","75","1","265","N/A","N/A","N/A","N/A","N/A","N/A","N/A","N/A"
"Postal Regulatory Commission","Agency Overall","2024","2","7.73","1","187","N/A","N/A","N/A","N/A","N/A","N/A","N/A","N/A"
"U.S. Department of State","Agency Overall","2024","10.0","17.34","<1","1221","97","564.22","<1","4351","199","530.28","18","2117"
"Federal Housing Finance Agency","Agency Overall","2024","13","28.32","1","589","85","146.86","2","638","N/A","N/A","N/A","N/A"
"Small Business Administration","Agency Overall","2024","4","27.53","<1","1120","136","134.54","19","268","5","25.43","<1","305"
"Federal Mine Safety and Health Review Commission","Agency Overall","2024","1","3.2","1","16","19","35.2","1","279","N/A","N/A","N/A","N/A"
"Office of Government Ethics","Agency Overall","2024","9","26.8","1","143","N/A","N/A","N/A","N/A","2","9.3","2","24"
"Office of the Special Inspector General for Afghanistan Reconstruction","Agency Overall","2024","68","62","14","127","83","99","13","261","N/A","N/A","N/A","N/A"
"National Transportation Safety Board","Agency Overall","2024","11","35.23","<1","461","72","151.19","<1","653","N/A","N/A","N/A","N/A"
"Department of Veterans Affairs","Agency Overall","2024","2.00","40.92","<1","2911","3.00","50.83","<1","2500","8.50","39.93","<1","700"
"United States Institute of Peace","Agency Overall","2024","151","119","19","157","279","277","263","290","N/A","N/A","N/A","N/A"
"National Mediation Board","Agency Overall","2024","6","5.75","1","19","N/A","N/A","N/A","N/A","N/A","N/A","N/A","N/A"
"Chemical Safety and Hazard Investigation Board","Agency Overall","2024","264.5","360","1","892","452.5","392","1","1735","29","29","29","29"
"National Archives and Records Administration","Agency Overall","2024","3","29","1","3004","2444","2183","1","6645","1","355","1","588"
"Department of Education","Agency Overall","2024","8.00","46.39","<1","1218","28.00","155.82","<1","1760","563.00","671.00","47","1403"
"National Endowment for the Arts","Agency Overall","2024","20","19","3","30","24","24","15","39","N/A","N/A","N/A","N/A"
"National Council on Disability","Agency Overall","2024","19","25","<1","135","142","140","46","224","N/A","N/A","N/A","N/A"
"National Aeronautics and Space Administration","Agency Overall","2024","2","7.7","<1","215","10","22.9","<1","430","319","319","202","436"
"Export-Import Bank of the U.S.","Agency Overall","2024","8","10.92","<1","67","101","125.42","15","738","N/A","N/A","N/A","N/A"
"Privacy and Civil Liberties Oversight Board","Agency Overall","2024","17","105","1","1068","N/A","N/A","N/A","N/A","N/A","N/A","N/A","N/A"
"Defense Nuclear Facilities Safety Board","Agency Overall","2024","61","61","29","396","N/A","N/A","N/A","N/A","N/A","N/A","N/A","N/A"
"Farm Credit System Insurance Corporation","Agency Overall","2024","15","15","1","40","N/A","N/A","N/A","N/A","N/A","N/A","N/A","N/A"
"United States International Boundary and Water Commission","Agency Overall","2024","9.5","26.343","1","158","N/A","N/A","N/A","N/A","N/A","N/A","N/A","N/A"
"Office of Management and Budget","Agency Overall","2024","112","350","1","1789","51","346","1","1782","637","637","499","775"
"National Capital Planning Commission","Agency Overall","2024","10","16.21","1","42","N/A","N/A","0","0","2","3.33","1","7"
"Central Intelligence Agency","Agency Overall","2024","10","11.38","<1","124","108.50","234.46","2","3278","107","107","107","107"
"Merit Systems Protection Board","Agency Overall","2024","3.00","13.01","<1","170","128.00","284.56","<1","1900","N/A","N/A","N/A","N/A"
"Council on Environmental Quality","Agency Overall","2024","28","61.36","2","899","14","131.89","1","919","N/A","N/A","N/A","N/A"
"Commodity Futures Trading Commission","Agency Overall","2024","1","2.15","<1","17","12","23.46","<1","247","9","9","9","9"
"National Indian Gaming Commission","Agency Overall","2024","2","10","1","48","49","121","18","622","N/A","N/A","N/A","N/A"
"United States African Development Foundation","Agency Overall","2024","90","106","90","167","N/A","N/A","N/A","N/A","N/A","N/A","N/A","N/A"
"Office of the United States Trade Representative","Agency Overall","2024","20","29","2","131","89","96","37","253","N/A","N/A","N/A","N/A"
"Social Security Administration","Agency Overall","2024","12","13","<1","178","43","89","<1","756","22","21","6","34"
"Armed Forces Retirement Home","Agency Overall","2024","19","10","1","38","N/A","N/A","N/A","N/A","N/A","N/A","N/A","N/A"
"General Services Administration","Agency Overall","2024","28","72.67","<1","1223","55","187.60","<1","1240","376","369.25","2","1223"
"Department of the Interior","Agency Overall","2024","20","132.43","<1","1774","95.5","335.46","<1","1854","28","223.09","2","1871"
"Peace Corps","Agency Overall","2024","2","59.2","<1","1108","16","82.6","<1","1030","14","14","<1","30"
"Department of Agriculture","Agency Overall","2024","1","21","<1","1421","68","179.18","<1","1511","18","72.88","<1","1023"
"U.S. Agency for Global Media","Agency Overall","2024","2","5","<1","30","15","33","<1","674","N/A","N/A","N/A","N/A"
"Federal Permitting Improvement Steering Council","Agency Overall","2024","17","19","1","44","6","15.56","16","121","N/A","N/A","N/A","N/A"
"U.S. Railroad Retirement Board","Agency Overall","2024","15.5","24.1","<1","193","N/A","N/A","N/A","N/A","N/A","N/A","N/A","N/A"
"Federal Retirement Thrift Investment Board","Agency Overall","2024","37","43","3","122","N/A","N/A","N/A","N/A","N/A","N/A","N/A","N/A"
"U.S. International Development Finance Corporation","Agency Overall","2024","23","27.35","2","153","113.5","333.2","22","1068","N/A","N/A","N/A","N/A"