"Agency","Component","Fiscal Year","Ex. 1","Ex. 2","Ex. 3","Ex. 4","Ex. 5","Ex. 6","Ex. 7(A)","Ex. 7(B)","Ex. 7(C)","Ex. 7(D)","Ex. 7(E)","Ex. 7(F)","Ex. 8","Ex. 9"
"Corporation for National and Community Service (operating as AmeriCorps)","Agency Overall","2024","0","0","0","1","5","11","3","0","2","0","3","2","0","0"
"Department of Justice","Agency Overall","2024","423","362","3138","632","2702","14581","1510","39","13799","2681","8353","2412","4","1"
"American Battle Monuments Commission","Agency Overall","2024","0","0","0","0","0","0","0","0","0","0","0","0","0","0"
"Federal Energy Regulatory Commission","Agency Overall","2024","0","1","15","7","45","67","0","0","0","0","1","4","0","0"
"Office of Special Counsel","Agency Overall","2024","0","0","0","0","45","63","5","1","68","20","1","0","0","0"
"Commission of Fine Arts","Agency Overall","2024","0","0","0","0","0","0","0","0","0","0","0","0","0","0"
"United States Copyright Office","Agency Overall","2024","0","0","0","0","2","2","0","0","0","0","0","0","0","0"
"Office of Science and Technology Policy","Agency Overall","2024","0","3","0","9","120","141","0","0","0","0","0","0","0","0"
"Federal Open Market Committee","Agency Overall","2024","0","0","0","1","3","2","0","0","0","0","1","0","0","0"
"U.S. Commission for the Preservation of America’s Heritage Abroad","Agency Overall","2024","0","0","0","0","0","0","0","0","0","0","0","0","0","0"
"U.S. Commission on Civil Rights","Agency Overall","2024","0","0","0","0","0","0","0","0","0","0","0","0","0","0"
"Council of the Inspectors General on Integrity and Efficiency","Agency Overall","2024","0","0","0","0","4","7","0","0","7","0","0","0","0","0"
"Office of the National Cyber Director","Agency Overall","2024","0","0","0","0","10","10","0","0","0","0","0","0","0","0"
"Department of Health and Human Services","Agency Overall","2024","0","26","319","1409","691","10687","82","146","798","13","74","63","0","0"
"Morris K. Udall and Stewart L. Udall Foundation","Agency Overall","2024","0","0","0","2","2","4","0","0","0","0","0","0","0","0"
"Surface Transportation Board","Agency Overall","2024","0","0","0","2","1","3","0","0","0","0","1","0","0","0"
"Department of Energy","Agency Overall","2024","2","0","27","142","55","293","5","0","33","0","12","18","0","4"
"Consumer Financial Protection Bureau","Agency Overall","2024","0","1","4","47","47","95","20","0","7","24","64","0","39","0"
"Federal Labor Relations Authority","Agency Overall","2024","0","17","2","3","22","59","12","0","2","0","2","1","0","0"
"U.S. Election Assistance Commission","Agency Overall","2024","0","0","0","2","1","6","0","0","0","0","0","0","0","0"
"Federal Communications Commission","Agency Overall","2024","0","1","2","20","36","150","2","0","13","3","3","1","0","0"
"Federal Deposit Insurance Corporation","Agency Overall","2024","0","1","8","23","20","75","7","0","21","10","20","0","16","0"
"Office of Navajo and Hopi Indian Relocation","Agency Overall","2024","0","0","0","0","0","0","0","0","0","0","0","0","0","0"
"National Credit Union Administration","Agency Overall","2024","0","15","0","32","19","52","1","0","4","0","1","0","34","0"
"National Science Foundation","Agency Overall","2024","0","1","2","49","10","60","0","0","10","0","0","0","0","0"
"Millennium Challenge Corporation","Agency Overall","2024","0","0","0","0","3","2","0","0","0","0","0","0","0","0"
"Office of National Drug Control Policy","Agency Overall","2024","0","0","0","0","10","14","0","0","1","0","0","0","0","0"
"U.S. Interagency Council on Homelessness","Agency Overall","2024","0","0","0","0","0","0","0","0","0","0","0","0","0","0"
"Office of Pandemic Preparedness and Response Policy","Agency Overall","2024","0","0","0","0","0","0","0","0","0","0","0","0","0","0"
"United States Trade and Development Agency","Agency Overall","2024","0","1","1","2","4","14","0","0","0","0","0","0","0","0"
"Selective Service System","Agency Overall","2024","0","1","0","0","1","27","0","0","0","0","0","0","0","0"
"Court Services and Offender Supervision Agency","Agency Overall","2024","0","2","2","3","8","189","0","0","162","1","167","1","0","0"
"Nuclear Regulatory Commission","Agency Overall","2024","1","1","1","12","16","33","4","0","15","0","5","20","0","0"
"Federal Reserve System","Agency Overall","2024","0","1","8","49","57","60","3","1","9","0","14","0","47","0"
"National Labor Relations Board","Agency Overall","2024","0","0","1","29","116","1397","417","0","1392","68","0","1","0","0"
"U.S. Agency for International Development","Agency Overall","2024","0","4","41","42","46","87","0","0","11","1","4","1","0","0"
"Department of Transportation","Agency Overall","2024","2","63","643","401","621","6576","129","7","3109","420","34","20","0","0"
"Social Security Advisory Board","Agency Overall","2024","0","0","0","0","0","0","0","0","0","0","0","0","0","0"
"Institute of Museum and Library Services","Agency Overall","2024","0","0","0","0","0","14","0","0","0","0","0","0","0","0"
"Federal Maritime Commission","Agency Overall","2024","0","0","4","2","3","6","2","0","0","0","2","0","0","0"
"Harry S. Truman Scholarship Foundation","Agency Overall","2024","0","0","0","0","0","0","0","0","0","0","0","0","0","0"
"Neighborhood Reinvestment Corporation","Agency Overall","2024","0","0","0","1","0","0","0","0","0","0","0","0","0","0"
"Department of Defense","Agency Overall","2024","1431","162","3651","1768","3548","16223","953","227","7674","556","2289","122","1","14"
"Federal Mediation and Conciliation Service","Agency Overall","2024","0","0","0","12","13","13","0","0","0","0","0","0","0","0"
"Advisory Council on Historic Preservation","Agency Overall","2024","0","0","0","0","0","0","0","0","0","0","0","0","0","0"
"Federal Financial Institutions Examination Council","Agency Overall","2024","0","0","0","0","0","1","0","0","0","0","0","0","0","0"
"Securities and Exchange Commission","Agency Overall","2024","0","3","35","144","343","664","594","5","409","3","55","7","43","0"
"Office of the Intellectual Property Enforcement Coordinator","Agency Overall","2024","0","0","0","0","0","0","0","0","0","0","0","0","0","0"
"Equal Employment Opportunity Commission","Agency Overall","2024","0","1","1430","62","11864","6248","3289","3","10774","40","272","0","0","0"
"Administrative Conference of the United States","Agency Overall","2024","0","0","0","0","0","2","0","0","0","0","0","0","0","0"
"Appraisal Subcommittee","Agency Overall","2024","0","0","0","0","1","7","0","0","0","0","0","0","0","0"
"Office of the Director of National Intelligence","Agency Overall","2024","60","1","224","1","25","165","1","0","29","1","7","0","0","0"
"Federal Trade Commission","Agency Overall","2024","1","8","159","48","142","585","276","0","9","8","10","0","0","0"
"Department of Commerce","Agency Overall","2024","5","16","142","137","177","311","14","0","58","0","19","2","0","0"
"Department of Housing and Urban Development","Agency Overall","2024","0","0","23","75","58","428","26","1","85","1","52","1","0","0"
"Gulf Coast Ecosystem Restoration Council","Agency Overall","2024","0","0","0","0","0","0","0","0","0","0","0","0","0","0"
"Pension Benefit Guaranty Corporation","Agency Overall","2024","0","0","4","16","8","359","0","0","5","0","0","0","0","0"
"United States Access Board","Agency Overall","2024","0","0","1","1","0","4","0","0","0","0","0","0","0","0"
"Department of the Treasury","Agency Overall","2024","3","93","1573","138","469","1156","259","2","614","9","711","3","16","0"
"Department of Homeland Security","Agency Overall","2024","11","616","61440","456","58594","294575","397","7","437455","77","335399","133","1","0"
"Committee for Purchase from People Who Are Blind or Severely Disabled","Agency Overall","2024","0","0","0","1","1","2","0","0","0","0","0","0","0","0"
"United States International Trade Commission","Agency Overall","2024","0","2","6","7","13","39","1","0","2","0","3","0","0","0"
"Environmental Protection Agency","Agency Overall","2024","1","6","38","259","417","724","106","3","109","2","25","4","0","78"
"Marine Mammal Commission","Agency Overall","2024","0","0","0","0","0","0","0","0","0","0","0","0","0","0"
"Department of Labor","Agency Overall","2024","6","33","7","2515","1893","1539","1681","17","3848","1881","433","9","1","1"
"U.S. Nuclear Waste Technical Review Board","Agency Overall","2024","0","0","0","0","0","0","0","0","0","0","0","0","0","0"
"United States Postal Service","Agency Overall","2024","0","23","776","45","96","1191","58","2","390","52","137","8","0","0"
"Occupational Safety and Health Review Commission","Agency Overall","2024","0","0","1","2","1","28","0","0","0","0","0","0","0","0"
"Tennessee Valley Authority","Agency Overall","2024","0","2","4","13","33","55","0","0","2","0","0","7","0","0"
"Farm Credit Administration","Agency Overall","2024","0","0","0","0","5","14","0","0","2","0","0","0","3","0"
"National Railroad Passenger Corporation","Agency Overall","2024","2","39","14","103","47","172","10","0","41","0","4","3","0","0"
"Office of Personnel Management","Agency Overall","2024","0","8","0","10","16","125","0","0","4","0","1","0","0","0"
"National Endowment for the Humanities","Agency Overall","2024","0","0","0","26","7","30","0","0","0","0","0","0","0","0"
"Legal Services Corporation","Agency Overall","2024","0","0","2","2","5","4","2","0","4","0","2","0","0","0"
"Inter-American Foundation","Agency Overall","2024","0","0","0","2","0","3","0","0","0","0","0","0","0","0"
"Federal Election Commission","Agency Overall","2024","0","0","1","0","46","5","12","0","12","0","25","1","0","0"
"Denali Commission","Agency Overall","2024","0","0","0","0","0","0","0","0","0","0","0","0","0","0"
"James Madison Memorial Fellowship Foundation","Agency Overall","2024","0","0","0","0","0","0","0","0","0","0","0","0","0","0"
"Consumer Product Safety Commission","Agency Overall","2024","0","0","109","68","69","121","61","0","4","0","4","0","0","0"
"Presidio Trust","Agency Overall","2024","0","0","0","1","3","9","0","0","0","0","0","0","1","0"
"Postal Regulatory Commission","Agency Overall","2024","0","0","0","1","2","2","0","0","0","0","0","0","0","0"
"U.S. Department of State","Agency Overall","2024","50","8","6041","44","154","920","11","1","154","16","106","7","1","0"
"Federal Housing Finance Agency","Agency Overall","2024","0","2","0","2","1","52","0","0","39","0","32","0","1","0"
"Small Business Administration","Agency Overall","2024","1","31","2","162","190","231","12","1","6","1","1","1","6","0"
"Federal Mine Safety and Health Review Commission","Agency Overall","2024","0","2","0","0","7","14","0","0","1","0","0","0","0","0"
"Office of Government Ethics","Agency Overall","2024","0","0","1","0","24","28","0","0","0","0","0","0","0","0"
"Office of the Special Inspector General for Afghanistan Reconstruction","Agency Overall","2024","1","0","2","0","2","3","1","0","2","2","0","0","0","0"
"National Transportation Safety Board","Agency Overall","2024","0","0","12","20","168","69","92","0","0","0","0","0","0","0"
"Department of Veterans Affairs","Agency Overall","2024","0","394","4533","232","1357","103081","157","39","2746","26","45","35","2","0"
"United States Institute of Peace","Agency Overall","2024","0","0","0","2","2","3","0","0","0","0","0","0","0","0"
"National Mediation Board","Agency Overall","2024","0","0","1","4","6","3","0","0","0","0","0","0","0","0"
"Chemical Safety and Hazard Investigation Board","Agency Overall","2024","0","0","0","0","0","23","3","0","1","0","0","0","0","0"
"National Archives and Records Administration","Agency Overall","2024","178","10","285","12","531","525","3","0","215","310","88","28","2","1"
"Department of Education","Agency Overall","2024","0","1","17","163","138","1473","765","1","1048","1","10","3","0","0"
"National Endowment for the Arts","Agency Overall","2024","0","0","2","13","3","21","0","2","1","0","0","0","0","0"
"National Council on Disability","Agency Overall","2024","0","0","0","0","2","4","0","0","0","0","0","0","0","0"
"National Aeronautics and Space Administration","Agency Overall","2024","0","9","36","102","76","223","5","0","35","0","15","4","0","0"
"Export-Import Bank of the U.S.","Agency Overall","2024","0","1","1","26","21","24","4","0","5","0","4","1","0","0"
"Privacy and Civil Liberties Oversight Board","Agency Overall","2024","4","0","5","0","7","6","0","0","0","0","0","0","0","0"
"Defense Nuclear Facilities Safety Board","Agency Overall","2024","0","0","0","1","1","6","0","0","0","0","0","0","0","0"
"Farm Credit System Insurance Corporation","Agency Overall","2024","0","0","0","1","1","9","0","0","0","0","0","0","0","0"
"United States International Boundary and Water Commission","Agency Overall","2024","0","1","0","0","5","8","0","0","0","0","0","0","0","0"
"Office of Management and Budget","Agency Overall","2024","0","0","0","0","50","65","0","0","0","0","0","0","0","0"
"National Capital Planning Commission","Agency Overall","2024","0","0","0","0","0","0","0","0","0","0","0","0","0","0"
"Central Intelligence Agency","Agency Overall","2024","830","0","845","0","17","53","0","0","5","5","4","0","0","0"
"Merit Systems Protection Board","Agency Overall","2024","0","0","1","0","5","43","0","0","0","0","1","0","0","0"
"Council on Environmental Quality","Agency Overall","2024","0","1","1","0","15","18","1","0","0","0","0","0","0","0"
"Commodity Futures Trading Commission","Agency Overall","2024","0","0","5","17","33","51","16","0","12","0","12","0","3","0"
"National Indian Gaming Commission","Agency Overall","2024","0","2","1","5","3","5","1","0","4","0","0","0","0","0"
"United States African Development Foundation","Agency Overall","2024","0","0","1","0","0","0","0","0","0","0","0","0","0","0"
"Office of the United States Trade Representative","Agency Overall","2024","4","0","8","14","32","59","0","0","0","0","1","0","0","0"
"Social Security Administration","Agency Overall","2024","0","8","5","3","6","4016","1","0","14","0","4","0","0","0"
"Armed Forces Retirement Home","Agency Overall","2024","0","0","0","0","1","13","0","0","0","0","0","0","0","0"
"General Services Administration","Agency Overall","2024","0","1","12","212","69","325","7","0","37","2","9","69","0","0"
"Department of the Interior","Agency Overall","2024","0","20","87","250","631","1248","143","3","445","18","54","39","0","16"
"Peace Corps","Agency Overall","2024","0","5","1","7","32","72","1","0","20","5","3","0","0","0"
"Department of Agriculture","Agency Overall","2024","0","140","387","623","555","2208","78","3","658","123","103","50","0","2"
"U.S. Agency for Global Media","Agency Overall","2024","0","0","3","9","18","58","1","0","2","0","0","0","0","0"
"Federal Permitting Improvement Steering Council","Agency Overall","2024","0","0","0","0","7","9","0","0","0","0","0","0","0","0"
"U.S. Railroad Retirement Board","Agency Overall","2024","0","0","18","1","0","5","0","0","0","0","0","0","0","0"
"Federal Retirement Thrift Investment Board","Agency Overall","2024","0","0","2","7","7","18","0","0","0","0","0","0","0","0"
"U.S. International Development Finance Corporation","Agency Overall","2024","0","0","0","3","4","22","0","0","11","0","0","0","0","0"
"All agencies","Agency Overall","2024","3016","2150","86173","10770","86802","474605","11244","511","486454","6380","348702","3081","221","117"