"Agency","Component","Fiscal Year","Simple - Number Pending","Simple - Median Number of Days","Simple - Average Number of Days","Complex - Number Pending","Complex - Median Number of Days","Complex - Average Number of Days","Expedited Processing - Number Pending","Expedited Processing - Median Number of Days","Expedited Processing - Average Number of Days"
"Corporation for National and Community Service (operating as AmeriCorps)","Agency Overall","2024","11","76","107","27","131","134","0","N/A","N/A"
"Department of Justice","Agency Overall","2024","6925","32","131.71","19075","387","525.74","493","609","751.3"
"American Battle Monuments Commission","Agency Overall","2024","0","N/A","N/A","0","N/A","N/A","0","N/A","N/A"
"Federal Energy Regulatory Commission","Agency Overall","2024","20","65","123.4","60","257","419.2","0","N/A","N/A"
"Office of Special Counsel","Agency Overall","2024","21","30","49.1","71","41","51.52","0","N/A","N/A"
"Commission of Fine Arts","Agency Overall","2024","8","8","9","0","N/A","N/A","0","N/A","N/A"
"United States Copyright Office","Agency Overall","2024","0","N/A","N/A","8","280","232","0","N/A","N/A"
"Office of Science and Technology Policy","Agency Overall","2024","6","6","10.8","175","612","609.4","15","538","638.5"
"Federal Open Market Committee","Agency Overall","2024","6","3","18","29","197","192.5","0","N/A","N/A"
"U.S. Commission for the Preservation of America’s Heritage Abroad","Agency Overall","2024","84","134","161","0","N/A","N/A","0","N/A","N/A"
"U.S. Commission on Civil Rights","Agency Overall","2024","0","N/A","N/A","64","28","27","0","N/A","N/A"
"Council of the Inspectors General on Integrity and Efficiency","Agency Overall","2024","36","246","207","110","134","209","0","N/A","N/A"
"Office of the National Cyber Director","Agency Overall","2024","0","N/A","N/A","223","81","81","0","N/A","N/A"
"Department of Health and Human Services","Agency Overall","2024","3096","101.24","127.75","12345","322.43","438.99","138","1053.64","901.96"
"Morris K. Udall and Stewart L. Udall Foundation","Agency Overall","2024","18","9","8","0","0","0","0","0","0"
"Surface Transportation Board","Agency Overall","2024","0","N/A","N/A","0","N/A","N/A","0","N/A","N/A"
"Department of Energy","Agency Overall","2024","1288","119.00","152.25","1061","339.00","491.66","2","62.50","62.50"
"Consumer Financial Protection Bureau","Agency Overall","2024","37","44","55.54","141","99","123.69","1","378","378"
"Federal Labor Relations Authority","Agency Overall","2024","0","N/A","N/A","0","N/A","N/A","0","N/A","N/A"
"U.S. Election Assistance Commission","Agency Overall","2024","219","523","472","25","747","611","1","951","951"
"Federal Communications Commission","Agency Overall","2024","59","9","16.63","39","163","260.51","6","257.50","246.17"
"Federal Deposit Insurance Corporation","Agency Overall","2024","25","72.00","111.40","200","130.00","160.10","34","327.00","300.00"
"Office of Navajo and Hopi Indian Relocation","Agency Overall","2024","0","N/A","N.A","0","N/A","N/A","0","N/A","N/A"
"National Credit Union Administration","Agency Overall","2024","34","9","12.09","2","5.5","4.4","0","N/A","N/A"
"National Science Foundation","Agency Overall","2024","334","<1","<1","484","<1","<1","2","<1","<1"
"Millennium Challenge Corporation","Agency Overall","2024","32","85","85","0","N/A","N/A","0","N/A","N/A"
"Office of National Drug Control Policy","Agency Overall","2024","0","N/A","N/A","56","202","282","0","N/A","N/A"
"U.S. Interagency Council on Homelessness","Agency Overall","2024","26","248","244","0","N/A","N/A","0","N/A","N/A"
"Office of Pandemic Preparedness and Response Policy","Agency Overall","2024","0","0","0","0","0","0","0","0","0"
"United States Trade and Development Agency","Agency Overall","2024","15","77.5","96.7","0","N/A","N/A","0","N/A","N/A"
"Selective Service System","Agency Overall","2024","0","N/A","N/A","0","N/A","N/A","0","N/A","N/A"
"Court Services and Offender Supervision Agency","Agency Overall","2024","2","6","6","13","4","4","0","N/A","N/A"
"Nuclear Regulatory Commission","Agency Overall","2024","42","41","121.26","279","19","258.95","3","15","179.33"
"Federal Reserve System","Agency Overall","2024","3","5","4","98","19","48","5","92","96"
"National Labor Relations Board","Agency Overall","2024","215","10","36.67","0","N/A","N/A","24","5","6.63"
"U.S. Agency for International Development","Agency Overall","2024","0","N/A","N/A","709","150","325.7","13","1095","1040.69"
"Department of Transportation","Agency Overall","2024","5923","79","135.38","3703","331","521.7","96","962.5","941.56"
"Social Security Advisory Board","Agency Overall","2024","1","380","380","0","N/A","N/A","0","N/A","N/A"
"Institute of Museum and Library Services","Agency Overall","2024","0","N/A","N/A","0","N/A","N/A","0","N/A","N/A"
"Federal Maritime Commission","Agency Overall","2024","5","34","81","38","20","75","0","N/A","N/A"
"Harry S. Truman Scholarship Foundation","Agency Overall","2024","31","121","122","0","N/A","N/A","0","N/A","N/A"
"Neighborhood Reinvestment Corporation","Agency Overall","2024","14","84","105","0","N/A","N/A","0","N/A","N/A"
"Department of Defense","Agency Overall","2024","5511","145","336.63","18318","403","625.50","242","138","282.65"
"Federal Mediation and Conciliation Service","Agency Overall","2024","7","9","9.71","0","N/A","N/A","0","N/A","N/A"
"Advisory Council on Historic Preservation","Agency Overall","2024","127","120","150","20","120","150","0","N/A","N/A"
"Federal Financial Institutions Examination Council","Agency Overall","2024","5","5","18","2","218","218","0","N/A","N/A"
"Securities and Exchange Commission","Agency Overall","2024","251","4","10","1011","35","100","0","N/A","N/A"
"Office of the Intellectual Property Enforcement Coordinator","Agency Overall","2024","0","N/A","N/A","0","N/A","N/A","0","N/A","N/A"
"Equal Employment Opportunity Commission","Agency Overall","2024","640","9","30","49","24","97.06","0","N/A","N/A"
"Administrative Conference of the United States","Agency Overall","2024","0","N/A","N/A","0","N/A","N/A","0","N/A","N/A"
"Appraisal Subcommittee","Agency Overall","2024","6","4.5","7","0","N/A","N/A","0","N/A","N/A"
"Office of the Director of National Intelligence","Agency Overall","2024","150","483","679.94","641","675","831.16","10","360","715.3"
"Federal Trade Commission","Agency Overall","2024","21","23","52.71","57","34","73","1","2","2"
"Department of Commerce","Agency Overall","2024","885","57","181.1","850","336","553","68","787.5","727.2"
"Department of Housing and Urban Development","Agency Overall","2024","20","N/A","N/A","910","11","67.4","2","N/A","N/A"
"Gulf Coast Ecosystem Restoration Council","Agency Overall","2024","0","N/A","N/A","0","N/A","N/A","0","N/A","N/A"
"Pension Benefit Guaranty Corporation","Agency Overall","2024","27","3","4.3","45","5","5.07","0","N/A","N/A"
"United States Access Board","Agency Overall","2024","2","6","6","0","N/A","N/A","0","N/A","N/A"
"Department of the Treasury","Agency Overall","2024","473","103","204.36","2765","674.5","776.64","24","1128","991.38"
"Department of Homeland Security","Agency Overall","2024","139333","83","98","78898","15","65","278","131","333"
"Committee for Purchase from People Who Are Blind or Severely Disabled","Agency Overall","2024","0","N/A","N/A","18","41","70","0","N/A","N/A"
"United States International Trade Commission","Agency Overall","2024","6","15","10.85","102","65.5","114.46","0","N/A","N/A"
"Environmental Protection Agency","Agency Overall","2024","827","35","191.05","1304","178","378","3","<1","963.33"
"Marine Mammal Commission","Agency Overall","2024","14","9","83","0","N/A","N/A","0","N/A","N/A"
"Department of Labor","Agency Overall","2024","1487","32.00","99.97","1586","124.00","226.88","2","127.50","127.50"
"U.S. Nuclear Waste Technical Review Board","Agency Overall","2024","48","432","435","0","N/A","N/A","0","N/A","N/A"
"United States Postal Service","Agency Overall","2024","342","28","131.3","119","63","188.61","3","434","593.67"
"Occupational Safety and Health Review Commission","Agency Overall","2024","4","1","1","19","170","117","0","N/A","N/A"
"Tennessee Valley Authority","Agency Overall","2024","15","13","12.73","36","99.5","128.5","0","N/A","N/A"
"Farm Credit Administration","Agency Overall","2024","3","10","20","0","N/A","N/A","0","N/A","N/A"
"National Railroad Passenger Corporation","Agency Overall","2024","10","10.9","89","0","N/A","N/A","0","N/A","N/A"
"Office of Personnel Management","Agency Overall","2024","173","94","137.77","146","30","114.91","0","N/A","N/A"
"National Endowment for the Humanities","Agency Overall","2024","0","N/A","N/A","13","91","106.92","0","N/A","N/A"
"Legal Services Corporation","Agency Overall","2024","17","9.5","9.4","0","N/A","N/A","0","N/A","N/A"
"Inter-American Foundation","Agency Overall","2024","7","153","118","2","97","97","0","N/A","N/A"
"Federal Election Commission","Agency Overall","2024","0","N/A","N/A","40","24","2","0","N/A","N/A"
"Denali Commission","Agency Overall","2024","0","N/A","N/A","0","N/A","N/A","0","N/A","N/A"
"James Madison Memorial Fellowship Foundation","Agency Overall","2024","44","163","216","0","N/A","N/A","0","N/A","N/A"
"Consumer Product Safety Commission","Agency Overall","2024","22","201.5","413.23","321","192","346.93","0","N/A","N/A"
"Presidio Trust","Agency Overall","2024","0","6","6","1","N/A","N/A","0","N/A","N/A"
"Postal Regulatory Commission","Agency Overall","2024","7","234","174.86","0","N/A","N/A","0","N/A","N/A"
"U.S. Department of State","Agency Overall","2024","2591","300","377.91","21302","393","622.79","338","332","633.23"
"Federal Housing Finance Agency","Agency Overall","2024","17","144","196.23","109","174","279","0","N/A","N/A"
"Small Business Administration","Agency Overall","2024","807","338","437","117","141","180","1","<1","<1"
"Federal Mine Safety and Health Review Commission","Agency Overall","2024","1","1","1","17","9","27.8","0","N/A","N/A"
"Office of Government Ethics","Agency Overall","2024","37","86","98.3","0","N/A","N/A","1","30","30"
"Office of the Special Inspector General for Afghanistan Reconstruction","Agency Overall","2024","3","32","23","15","173","139","0","N/A","N/A"
"National Transportation Safety Board","Agency Overall","2024","18","11.5","12.94","252","141.5","154.17","0","N/A","N/A"
"Department of Veterans Affairs","Agency Overall","2024","1992","78.00","69.99","283","51.00","119.99","7","77.00","113.86"
"United States Institute of Peace","Agency Overall","2024","64","41","95","3","304","277","0","N/A","N/A"
"National Mediation Board","Agency Overall","2024","1","2","2","0","N/A","N/A","0","N/A","N/A"
"Chemical Safety and Hazard Investigation Board","Agency Overall","2024","0","N/A","N/A","139","731.5","486","0","N/A","N/A"
"National Archives and Records Administration","Agency Overall","2024","1513","4436","4320","3561","5122","8470","33","528","591"
"Department of Education","Agency Overall","2024","321","418","482.99","3075","92","243.17","1","700","700"
"National Endowment for the Arts","Agency Overall","2024","35","10","10","1","6","6","0","N/A","N/A"
"National Council on Disability","Agency Overall","2024","2","223","157","40","123","102","0","N/A","N/A"
"National Aeronautics and Space Administration","Agency Overall","2024","80","12","28.9","52","17.5","46","0","N/A","N/A"
"Export-Import Bank of the U.S.","Agency Overall","2024","5","9","74.2","38","134","202.47","0","0","0"
"Privacy and Civil Liberties Oversight Board","Agency Overall","2024","89","87","196","0","N/A","N/A","0","N/A","N/A"
"Defense Nuclear Facilities Safety Board","Agency Overall","2024","73","184","200","0","0","0","0","0","0"
"Farm Credit System Insurance Corporation","Agency Overall","2024","1","31","31","0","N/A","N/A","0","N/A","N/A"
"United States International Boundary and Water Commission","Agency Overall","2024","110","232","154.34","0","N/A","N/A","0","N/A","N/A"
"Office of Management and Budget","Agency Overall","2024","850","106","281","198","169","454","16","215","234"
"National Capital Planning Commission","Agency Overall","2024","0","N/A","N/A","0","N/A","N/A","0","N/A","N/A"
"Central Intelligence Agency","Agency Overall","2024","561","17","290.08","4927","460","662.71","6","981","799.83"
"Merit Systems Protection Board","Agency Overall","2024","36","155.5","148.94","112","415","487.67","0","N/A","N/A"
"Council on Environmental Quality","Agency Overall","2024","55","165","190.73","43","41.5","140.90","0","N/A","N/A"
"Commodity Futures Trading Commission","Agency Overall","2024","0","0","0","18","45.5","84.94","0","0","0"
"National Indian Gaming Commission","Agency Overall","2024","0","N/A","N/A","4","238","241","0","N/A","N/A"
"United States African Development Foundation","Agency Overall","2024","20","173","145","12","173","115","0","N/A","N/A"
"Office of the United States Trade Representative","Agency Overall","2024","7","16","21","32","72","74","0","N/A","N/A"
"Social Security Administration","Agency Overall","2024","933","3","5","756","19","44","0","N/A","N/A"
"Armed Forces Retirement Home","Agency Overall","2024","0","N/A","N/A","0","N/A","N/A","0","N/A","N/A"
"General Services Administration","Agency Overall","2024","419","43","109.55","110","122","205.06","6","514.5","514.5"
"Department of the Interior","Agency Overall","2024","2812","187","312.68","2085","264","463.19","50","417","622.52"
"Peace Corps","Agency Overall","2024","5","98","315","57","29","88.2","0","N/A","N/A"
"Department of Agriculture","Agency Overall","2024","3927","179","176.58","690","177","291.3","19","13","70.68"
"U.S. Agency for Global Media","Agency Overall","2024","0","N/A","N/A","10","4","37","0","N/A","N/A"
"Federal Permitting Improvement Steering Council","Agency Overall","2024","8","5","6.29","0","N/A","N/A","0","N/A","N/A"
"U.S. Railroad Retirement Board","Agency Overall","2024","12","133.5","117.5","0","N/A","N/A","0","N/A","N/A"
"Federal Retirement Thrift Investment Board","Agency Overall","2024","33","20","43","0","N/A","N/A","0","N/A","N/A"
"U.S. International Development Finance Corporation","Agency Overall","2024","29","430","433.34","66","485","636.23","7","1130","1128.29"
"All agencies","Agency Overall","2024","186487","N/A","N/A","184432","N/A","N/A","1951","N/A","N/A"