"Agency","Component","Fiscal Year","Ex. 1","Ex. 2","Ex. 3","Ex. 4","Ex. 5","Ex. 6","Ex. 7(A)","Ex. 7(B)","Ex. 7(C)","Ex. 7(D)","Ex. 7(E)","Ex. 7(F)","Ex. 8","Ex. 9"
"Corporation for National and Community Service (operating as AmeriCorps)","Agency Overall","2024","0","0","0","0","0","0","0","0","0","0","0","0","0","0"
"Department of Justice","Agency Overall","2024","17","0","94","1","63","447","116","0","427","87","265","52","0","0"
"American Battle Monuments Commission","Agency Overall","2024","0","0","0","0","0","0","0","0","0","0","0","0","0","0"
"Federal Energy Regulatory Commission","Agency Overall","2024","0","0","2","2","1","1","0","0","0","0","0","1","0","0"
"Office of Special Counsel","Agency Overall","2024","0","0","0","0","5","5","0","0","5","0","0","0","0","0"
"Commission of Fine Arts","Agency Overall","2024","0","0","0","0","0","0","0","0","0","0","0","0","0","0"
"United States Copyright Office","Agency Overall","2024","0","0","0","0","0","0","0","0","0","0","0","0","0","0"
"Office of Science and Technology Policy","Agency Overall","2024","0","1","0","0","0","0","0","0","0","0","0","0","0","0"
"Federal Open Market Committee","Agency Overall","2024","0","0","0","0","0","0","0","0","0","0","0","0","0","0"
"U.S. Commission for the Preservation of America’s Heritage Abroad","Agency Overall","2024","0","0","0","0","0","0","0","0","0","0","0","0","0","0"
"U.S. Commission on Civil Rights","Agency Overall","2024","0","0","0","0","0","0","0","0","0","0","0","0","0","0"
"Council of the Inspectors General on Integrity and Efficiency","Agency Overall","2024","0","0","0","0","0","0","0","0","0","0","0","0","0","0"
"Office of the National Cyber Director","Agency Overall","2024","0","0","0","0","0","0","0","0","0","0","0","0","0","0"
"Department of Health and Human Services","Agency Overall","2024","0","0","0","8","12","20","1","0","3","0","1","0","0","0"
"Morris K. Udall and Stewart L. Udall Foundation","Agency Overall","2024","0","0","0","0","0","0","0","0","0","0","0","0","0","0"
"Surface Transportation Board","Agency Overall","2024","0","0","0","0","0","0","0","0","0","0","0","0","0","0"
"Department of Energy","Agency Overall","2024","1","0","0","1","4","5","1","0","3","0","0","0","0","0"
"Consumer Financial Protection Bureau","Agency Overall","2024","0","0","0","1","0","3","2","0","0","0","1","0","1","0"
"Federal Labor Relations Authority","Agency Overall","2024","0","0","0","0","0","0","0","0","0","0","0","0","0","0"
"U.S. Election Assistance Commission","Agency Overall","2024","0","0","0","2","0","0","0","0","0","0","0","0","0","0"
"Federal Communications Commission","Agency Overall","2024","0","0","0","0","0","0","0","0","0","0","0","0","0","0"
"Federal Deposit Insurance Corporation","Agency Overall","2024","0","0","2","0","2","3","0","0","2","0","1","0","2","0"
"Office of Navajo and Hopi Indian Relocation","Agency Overall","2024","0","0","0","0","0","0","0","0","0","0","0","0","0","0"
"National Credit Union Administration","Agency Overall","2024","0","1","0","1","2","1","0","0","0","0","0","0","1","0"
"National Science Foundation","Agency Overall","2024","0","0","0","1","0","1","0","0","0","0","0","0","0","0"
"Millennium Challenge Corporation","Agency Overall","2024","0","1","0","0","1","0","0","0","0","0","0","0","0","0"
"Office of National Drug Control Policy","Agency Overall","2024","0","0","0","0","1","0","0","0","0","0","0","0","0","0"
"U.S. Interagency Council on Homelessness","Agency Overall","2024","0","0","0","0","0","0","0","0","0","0","0","0","0","0"
"Office of Pandemic Preparedness and Response Policy","Agency Overall","2024","0","0","0","0","0","0","0","0","0","0","0","0","0","0"
"United States Trade and Development Agency","Agency Overall","2024","0","0","0","0","0","0","0","0","0","0","0","0","0","0"
"Selective Service System","Agency Overall","2024","0","0","0","0","1","0","0","0","0","0","0","0","0","0"
"Court Services and Offender Supervision Agency","Agency Overall","2024","0","0","0","0","5","2","0","0","2","0","2","0","0","0"
"Nuclear Regulatory Commission","Agency Overall","2024","0","0","0","0","0","0","0","0","0","0","0","0","0","0"
"Federal Reserve System","Agency Overall","2024","0","0","2","4","9","3","0","0","0","0","1","0","6","0"
"National Labor Relations Board","Agency Overall","2024","0","0","0","0","1","0","0","0","0","0","0","0","0","0"
"U.S. Agency for International Development","Agency Overall","2024","0","1","3","1","2","5","1","0","2","0","1","0","0","0"
"Department of Transportation","Agency Overall","2024","0","1","4","0","12","14","0","0","4","0","1","0","0","0"
"Social Security Advisory Board","Agency Overall","2024","0","0","0","0","0","0","0","0","0","0","0","0","0","0"
"Institute of Museum and Library Services","Agency Overall","2024","0","0","0","0","0","0","0","0","0","0","0","0","0","0"
"Federal Maritime Commission","Agency Overall","2024","0","0","0","0","0","0","0","0","0","0","0","0","0","0"
"Harry S. Truman Scholarship Foundation","Agency Overall","2024","0","0","0","0","0","0","0","0","0","0","0","0","0","0"
"Neighborhood Reinvestment Corporation","Agency Overall","2024","0","0","0","0","0","0","0","0","0","0","0","0","0","0"
"Department of Defense","Agency Overall","2024","165","4","215","9","121","249","8","0","117","13","45","2","0","0"
"Federal Mediation and Conciliation Service","Agency Overall","2024","0","0","0","1","2","0","0","0","0","0","0","0","0","0"
"Advisory Council on Historic Preservation","Agency Overall","2024","0","0","0","0","0","0","0","0","0","0","0","0","0","0"
"Federal Financial Institutions Examination Council","Agency Overall","2024","0","0","0","0","0","0","0","0","0","0","0","0","0","0"
"Securities and Exchange Commission","Agency Overall","2024","0","1","0","6","105","27","253","2","2","0","4","0","11","0"
"Office of the Intellectual Property Enforcement Coordinator","Agency Overall","2024","0","0","0","0","0","0","0","0","0","0","0","0","0","0"
"Equal Employment Opportunity Commission","Agency Overall","2024","0","0","68","0","13","5","3","0","10","0","0","0","0","0"
"Administrative Conference of the United States","Agency Overall","2024","0","0","0","0","0","0","0","0","0","0","0","0","0","0"
"Appraisal Subcommittee","Agency Overall","2024","0","0","0","0","0","0","0","0","0","0","0","0","0","0"
"Office of the Director of National Intelligence","Agency Overall","2024","4","0","5","0","2","1","0","0","0","0","1","0","0","0"
"Federal Trade Commission","Agency Overall","2024","0","1","11","8","6","3","14","0","0","0","0","0","0","0"
"Department of Commerce","Agency Overall","2024","0","0","2","1","5","4","0","0","2","0","2","0","0","0"
"Department of Housing and Urban Development","Agency Overall","2024","0","0","0","1","2","5","0","0","0","0","0","0","0","0"
"Gulf Coast Ecosystem Restoration Council","Agency Overall","2024","0","0","0","0","0","0","0","0","0","0","0","0","0","0"
"Pension Benefit Guaranty Corporation","Agency Overall","2024","0","0","0","0","0","1","0","0","0","0","0","0","0","0"
"United States Access Board","Agency Overall","2024","0","0","0","0","0","0","0","0","0","0","0","0","0","0"
"Department of the Treasury","Agency Overall","2024","0","4","30","5","12","14","9","0","12","1","13","0","1","0"
"Department of Homeland Security","Agency Overall","2024","2","25","311","18","242","888","24","1","1045","3","1038","4","0","0"
"Committee for Purchase from People Who Are Blind or Severely Disabled","Agency Overall","2024","0","0","0","0","0","0","0","0","0","0","0","0","0","0"
"United States International Trade Commission","Agency Overall","2024","0","0","0","0","2","7","0","0","0","0","0","0","0","0"
"Environmental Protection Agency","Agency Overall","2024","0","0","0","1","12","10","5","0","0","0","0","0","0","0"
"Marine Mammal Commission","Agency Overall","2024","0","0","0","0","0","0","0","0","0","0","0","0","0","0"
"Department of Labor","Agency Overall","2024","0","0","0","8","4","2","3","0","16","6","0","0","0","0"
"U.S. Nuclear Waste Technical Review Board","Agency Overall","2024","0","0","0","0","0","0","0","0","0","0","0","0","0","0"
"United States Postal Service","Agency Overall","2024","0","1","23","2","8","37","7","0","11","3","3","1","0","0"
"Occupational Safety and Health Review Commission","Agency Overall","2024","0","0","0","0","0","0","0","0","0","0","0","0","0","0"
"Tennessee Valley Authority","Agency Overall","2024","0","0","0","2","7","5","0","0","1","0","1","1","0","0"
"Farm Credit Administration","Agency Overall","2024","0","0","0","0","0","0","0","0","0","0","0","0","0","0"
"National Railroad Passenger Corporation","Agency Overall","2024","0","1","0","2","2","7","1","0","0","0","0","0","0","0"
"Office of Personnel Management","Agency Overall","2024","0","0","0","0","0","1","0","0","0","0","0","0","0","0"
"National Endowment for the Humanities","Agency Overall","2024","0","0","0","0","2","0","0","0","0","0","0","0","0","0"
"Legal Services Corporation","Agency Overall","2024","0","0","0","1","1","1","0","0","0","0","0","0","0","0"
"Inter-American Foundation","Agency Overall","2024","0","0","0","0","0","0","0","0","0","0","0","0","0","0"
"Federal Election Commission","Agency Overall","2024","0","0","0","1","0","0","0","0","0","0","0","0","0","0"
"Denali Commission","Agency Overall","2024","0","0","0","0","0","0","0","0","0","0","0","0","0","0"
"James Madison Memorial Fellowship Foundation","Agency Overall","2024","0","0","0","0","0","0","0","0","0","0","0","0","0","0"
"Consumer Product Safety Commission","Agency Overall","2024","0","0","1","0","2","0","7","0","0","0","0","0","0","0"
"Presidio Trust","Agency Overall","2024","0","0","0","0","0","0","0","0","0","0","0","0","0","0"
"Postal Regulatory Commission","Agency Overall","2024","0","0","0","0","0","0","0","0","0","0","0","0","0","0"
"U.S. Department of State","Agency Overall","2024","5","1","267","0","155","172","1","0","149","0","146","1","0","0"
"Federal Housing Finance Agency","Agency Overall","2024","0","0","0","0","0","0","0","0","0","0","0","0","0","0"
"Small Business Administration","Agency Overall","2024","0","2","0","5","6","7","0","0","0","0","0","0","0","0"
"Federal Mine Safety and Health Review Commission","Agency Overall","2024","0","0","0","0","0","0","0","0","0","0","0","0","0","0"
"Office of Government Ethics","Agency Overall","2024","0","0","0","0","0","0","0","0","0","0","0","0","0","0"
"Office of the Special Inspector General for Afghanistan Reconstruction","Agency Overall","2024","0","0","0","0","1","1","0","0","0","0","0","0","0","0"
"National Transportation Safety Board","Agency Overall","2024","0","0","1","1","2","3","1","0","0","0","0","0","0","0"
"Department of Veterans Affairs","Agency Overall","2024","0","0","8","0","8","25","4","0","6","2","6","0","0","0"
"United States Institute of Peace","Agency Overall","2024","0","0","0","0","0","0","0","0","0","0","0","0","0","0"
"National Mediation Board","Agency Overall","2024","0","0","0","0","0","0","0","0","0","0","0","0","0","0"
"Chemical Safety and Hazard Investigation Board","Agency Overall","2024","0","0","0","0","0","0","0","0","0","0","0","0","0","0"
"National Archives and Records Administration","Agency Overall","2024","0","0","0","0","0","1","0","0","0","0","0","0","0","0"
"Department of Education","Agency Overall","2024","0","0","0","2","9","15","5","0","11","1","0","0","0","0"
"National Endowment for the Arts","Agency Overall","2024","0","0","0","0","0","0","0","0","0","0","0","0","0","0"
"National Council on Disability","Agency Overall","2024","0","0","0","0","0","0","0","0","0","0","0","0","0","0"
"National Aeronautics and Space Administration","Agency Overall","2024","0","0","3","3","1","5","0","0","1","0","0","0","0","0"
"Export-Import Bank of the U.S.","Agency Overall","2024","0","0","0","0","0","1","0","0","0","0","0","0","0","0"
"Privacy and Civil Liberties Oversight Board","Agency Overall","2024","0","0","0","0","0","0","0","0","0","0","0","0","0","0"
"Defense Nuclear Facilities Safety Board","Agency Overall","2024","0","0","0","0","0","0","0","0","0","0","0","0","0","0"
"Farm Credit System Insurance Corporation","Agency Overall","2024","0","0","0","0","0","0","0","0","0","0","0","0","0","0"
"United States International Boundary and Water Commission","Agency Overall","2024","0","0","0","0","1","0","0","0","0","0","0","1","0","0"
"Office of Management and Budget","Agency Overall","2024","0","0","0","0","1","2","0","0","0","0","0","0","0","0"
"National Capital Planning Commission","Agency Overall","2024","0","0","0","0","0","0","0","0","0","0","0","0","0","0"
"Central Intelligence Agency","Agency Overall","2024","104","1","109","0","6","18","0","0","1","0","1","0","0","0"
"Merit Systems Protection Board","Agency Overall","2024","0","0","0","0","1","2","0","0","0","0","0","0","0","0"
"Council on Environmental Quality","Agency Overall","2024","0","0","1","0","2","1","0","0","0","0","0","0","0","0"
"Commodity Futures Trading Commission","Agency Overall","2024","0","0","0","0","0","0","1","0","0","0","0","0","0","0"
"National Indian Gaming Commission","Agency Overall","2024","0","0","0","0","0","0","0","0","0","0","0","0","0","0"
"United States African Development Foundation","Agency Overall","2024","0","0","0","0","0","0","0","0","0","0","0","0","0","0"
"Office of the United States Trade Representative","Agency Overall","2024","0","0","0","1","2","0","0","0","0","0","0","0","0","0"
"Social Security Administration","Agency Overall","2024","0","1","0","0","0","352","0","0","2","0","0","0","0","0"
"Armed Forces Retirement Home","Agency Overall","2024","0","0","0","0","0","0","0","0","0","0","0","0","0","0"
"General Services Administration","Agency Overall","2024","0","0","2","5","5","7","0","0","2","0","0","2","0","0"
"Department of the Interior","Agency Overall","2024","0","0","0","3","7","15","1","0","9","0","0","0","0","0"
"Peace Corps","Agency Overall","2024","0","0","0","0","1","1","0","0","0","0","0","0","0","0"
"Department of Agriculture","Agency Overall","2024","0","0","7","7","29","50","1","0","11","1","2","1","0","0"
"U.S. Agency for Global Media","Agency Overall","2024","0","0","0","0","0","1","0","0","0","0","0","0","0","0"
"Federal Permitting Improvement Steering Council","Agency Overall","2024","0","0","0","0","0","1","0","0","0","0","0","0","0","0"
"U.S. Railroad Retirement Board","Agency Overall","2024","0","0","0","0","0","0","0","0","0","0","0","0","0","0"
"Federal Retirement Thrift Investment Board","Agency Overall","2024","0","0","0","0","1","0","0","0","0","0","0","0","0","0"
"U.S. International Development Finance Corporation","Agency Overall","2024","0","0","0","0","0","0","0","0","0","0","0","0","0","0"
"All agencies","Agency Overall","2024","298","47","1171","115","909","2457","469","3","1856","117","1535","66","22","0"